case_id,factual_account,your_guess_at_cause,your_confidence_0_to_1,sentences_that_state_a_conclusion,correct
"WPR20CA113","The pilot reported that just before touchdown, the airplane encountered a gust of wind from the left, which caused the airplane to weathervane to the right and the left wing being lifted up. The pilot applied left aileron control and full power but was unable to maintain control of the airplane. The airplane's right wing tip impacted the ground, the landing gear collapsed, and the airplane nosed down. The airplane sustained substantial damage to the left wing. The pilot reported that there were no mechanical failures or malfunctions with the airplane that would have precluded normal operation.","Maybe down to pilots experience and the crosswind","0","","1"
"CEN23LA214","On May 31, 2023, about 2030 eastern daylight time, a Progressive Aerodyne Inc Searey LSA, N316SR, was substantially damaged when it was involved in an accident near Detroit, Michigan. The pilot and certificated flight instructor were not injured. The airplane was operated as a Title 14 Code of Federal Regulations Part 91 personal flight.
The airplane was inbound for landing at the Coleman A Young Municipal Airport (DET), Detroit, Michigan, and the pilot was instructed to report a 2-mile left base for runway 15. The tower controller radioed for a progress report and received no response. The pilot later called the tower to report that the airplane’s engine lost power and he landed in a residential neighborhood between two garages. During the forced landing the airplane struck trees, which resulted in substantial damage to the left wing.
The pilot/owner stated that the airplane had not flown since October 2020, and he had the mechanic that had constructed the airplane perform a condition inspection that was completed on May 26, 2023. The accident flight was an “instruction/currency” flight with a flight instructor. According to the pilot’s report, the flight originated about 1800. During the return portion of the flight, about 7 miles from the airport, they contacted the DET air traffic control and were advised to expect a visual approach for runway 15. Shortly afterward the airplane’s engine stopped producing power. Attempts to restart the engine were not successful. The restart attempts included activating the auxiliary fuel pump. He noted that he glanced at the fuel gauge and it indicated ¼ full. During the restart attempts the flight instructor assumed control of the airplane while the pilot attempted to restart the engine.
Automatic dependent surveillance – broadcast (ADS-B) data recorded the airplane when it departed DET at 1730 and the final position was recorded at 2030, indicating that the airplane was aloft for 3 hours.
Examination of the airplane after the accident revealed that only a trace amount of fuel was visible in the semi-transparent plastic fuel tank; the tank did not appear to be breached. After the airplane was removed from the accident site and leveled on a trailer used for recovery the fuel gauge read empty. A subsequent engine run was performed where fuel was added to the tank and the engine started. The engine was operated from idle to full throttle and no anomalies were detected during the engine run.","Empty fuel tank","0.8","","1"
"CEN21FA220","On May 17, 2021, about 1308 eastern daylight time, a Cessna 182H airplane, N2430X, was destroyed when it was involved in an accident near St. Louis, Michigan. The pilot was fatally injured. The airplane was operated as a Title 14 Code of Federal Regulations Part 91 pipeline patrol flight.

According to the operator’s fleet monitoring data, about 0828, the airplane departed Clare Municipal Airport (48D), Clare, Michigan, and completed a pipeline patrol flight to the southeast. About 1128, the airplane landed at Romeo State Airport (D98), Romeo, Michigan. According to fueling records, the pilot purchased 48.19 gallons of 100 low-lead aviation fuel before he departed D98 about 1206. The accident occurred during a pipeline patrol flight that tracked northwest toward Kalkaska, Michigan.

A review of Federal Aviation Administration (FAA) radar data revealed that, during the final 4.5 minutes of the flight, the airplane’s altitude was between 450 ft and 800 ft above ground level (agl) as it followed the intended pipeline. The airplane’s ground track was offset to the right of the pipeline until about 1307:35, at which point it crossed over the pipeline and continued northwest about 1,000 to1,250 ft to the left of the pipeline, as shown in figure 1. The operator reported that the airplane should be flown to the right of the pipeline to ensure that the pilot, who is seated in the left cockpit seat, can maintain an unobstructed view of the pipeline during the patrol flight.




Figure 1 – Radar track data

Two individuals reported that the pilot posted a Snapchat video shortly before the accident. The Snapchat video reportedly depicted the terrain ahead of the airplane’s position and showed the wind turbines and cornfields located about 5 to 10 miles southeast of the accident site. Although the video was automatically deleted from the Snapchat platform 24 hours after the accident, it reportedly did not include the final moments of the flight. One of the individuals provided a screenshot of the Snapchat application’s map that showed the approximate location of the pilot’s location when he posted the video. When compared to the airplane’s recorded radar ground track, the pilot’s Snapchat post was about 1.5 miles southeast of a 1,049-ft-tall radio tower, as shown in figure 2. According to a visual flight rules (VFR) sectional chart, the top of the radio tower was at 1,739 ft mean sea level (msl), as shown in figure 3.


Figure 2 – Radar track data and approximate location of pilot’s snapchat post


Figure 3 – VFR sectional chart with location of the radio tower (red circle)

According to radar data, the airplane continued northwest toward the radio tower. At 1308:18, the airplane was 0.65 miles southeast of the tower in a shallow right turn when it entered a climb from 475 ft agl. The final radar return, at 1308:33, was about 600 ft east-southeast of the tower, at which point the airplane’s altitude, calibrated airspeed, and climb rate were about 1,370 ft msl, 104 knots, and 1,575 ft per minute, respectively, as shown in figure 4. The airplane’s final altitude was 370 ft below the top of the radio tower and its ground track was toward the guy wires located on the northeast side of the radio tower.


Figure 4 – Airplane altitude, speed, and vertical speed




Figure 5 – Airplane ground track, roll angle, and flight path angle An autopsy of the pilot was authorized by the Midland County Coroner’s Office, Midland, Michigan, and completed at McLaren Bay Region Hospital, Bay City, Michigan. According to the autopsy report, the cause of death was blunt force injuries and thermal burns, and the manner of death was an accident.

Toxicological testing completed by the Federal Aviation Administration’s Forensic Sciences Laboratory identified amlodipine in the pilot’s blood and liver. Amlodipine is a calcium channel blocker used to treat high blood pressure and coronary artery disease. The pilot reported the use of amlodipine to his FAA medical examiner who authorized its use and issued him a 1st class medical. The remaining toxicological testing did not detect any additional medications, ethanol, drugs of abuse, or carboxyhemoglobin. The wreckage debris path began in the vicinity of the radio tower. The left wing, left horizontal stabilizer, left elevator, and left cabin door were found near the radio tower and within the support guy wire perimeter, as depicted in figure 6.

Postaccident examination revealed that the airplane’s left wing collided with a support guy wire attached to the northeast side of the radio tower. The left wing separated from the fuselage at the wing root. Most of the left-wing leading edge separated from the main wing structure along a lateral rivet line and exhibited damage consistent with a guy wire impact. The fresh air inlet tube located in the leading edge of the left wing exhibited a U-shape compression that was consistent with the diameter of the outermost tower guy wires. The left-wing lift strut and front spar were severed in two portions about 4 ft from the wing attach point. The damage to the left-wing lift strut exhibited a U-shape compression that was consistent with the diameter of the outermost tower guy wires. The left horizontal stabilizer and left elevator separated the aft fuselage during the impact sequence, and the leading edge of the left horizontal stabilizer exhibited damage consistent with the left wing impacting the surface.

The main wreckage was located in a dirt field about 0.3 mile northwest of the radio tower. All major airframe structural components and flight control surfaces were identified along the wreckage debris path. Most of the airplane fuselage, cabin, and cockpit were destroyed by the postaccident fire. 

Postaccident examination of the airplane wreckage did not reveal any evidence of a mechanical malfunction or failure that would have prevented normal operation of the airplane before it collided with the radio tower guy wire. All physical damage to the airframe, flight controls, engine, and propeller was consistent with impact with a tower guy wire, impact with the ground, or the postaccident fire.


Figure 6 – Wreckage Debris Path at Accident Site","No idea","0","","0"
"ERA22LA340","On July 27, 2022, about 1345 eastern daylight time, a Robinson R22 helicopter, N42WC, was substantially damaged when it was involved in an accident near Hollywood, Florida. The flight instructor was not injured, and the student pilot received minor injuries. The helicopter was operated as a Title 14 Code of Federal Regulations Part 91 instructional flight.
According to the instructor, after completing an engine run-up, he “picked up” the helicopter and was air-taxiing to the practice area to conduct some hover work. Before reaching the practice area, a “popping” and “banging” sound was heard from behind the helicopter, followed by an uncommanded right yaw. The instructor attempted to regain control, but the helicopter collided with the ground and rolled over onto its right side. The instructor and student pilot exited the helicopter. 
Examination of the helicopter by a Federal Aviation Administration inspector revealed that the tail rotor assembly was separated; both tail rotor blades remained attached and the output shaft was also attached. Both tail rotor blades were bent and were impact damaged. The tail rotor gearbox was fractured, with half of the casing missing. The main rotor blades were bent down and curled, with multiple kinks and creasing from leading edge to trailing edge. Multiple impact signatures were noted on the ground within the rotor diameter of the helicopter. 
Examination of the tail rotor gear box and tail rotor blades revealed corrosion within both blades. The exam revealed that erosion of the leading edge provided a path for moisture to ingress into the bond joint and deteriorate the adhesive.
The owner and the mechanic stated that the helicopter’s maintenance records were previously damaged by water and had to be reconstructed digitally. The records provided appeared to show that most life-limited parts had been overflown by 374.1 hours. The pilot stated that he had noted damage on the helicopter’s tail rotor blades during a preflight inspection about two weeks before the accident and that the operator had replaced the blades. Review of the available maintenance records for the helicopter revealed that the serial numbers of the tail rotor blades installed did not match that noted in the maintenance records. The available records also did not document any replacement of the tail rotor blades.","Damage to the rotor blades","0.5","","0"
"CEN20LA239","On June 20, 2020, about 1853 eastern daylight time, a Cessna 150J airplane, N51033, was destroyed when it was involved in an accident near Millersport, Ohio. The pilot sustained a minor injury. The airplane was operated as a Title 14 Code of Federal Regulations Part 91 personal flight.

The pilot reported to law enforcement officers that he took off from his private airstrip and intended to make a touch-and-go landing at his airstrip. He added that, during his turn toward the runway, the engine “gave out.” A witness saw the airplane flying north before it banked west and collided with power lines. Another witness noted the airplane flying low before it turned and impacted the power lines. The airplane then impacted terrain and nosed over. A postimpact fire consumed most of the airplane.

The pilot did not submit an accident report form or a written statement to investigators. 

A review of automatic dependent surveillance-–broadcast (ADS-B) data showed the airplane was first detected at 1721 as the airplane departed from Fairfield County Airport (LHQ), Lancaster, Ohio. The track proceeded north to the pilot’s airstrip where it appeared he flew a low approach or a touch-and-go. The track then proceeded south to LHQ where it appeared the airplane performed a low approach or a touch-and-go before proceeding north again. ADS-B data depicted another complete circuit north to the private airstrip, south to LHQ, and then north. The last ADS-B data was recorded at 1853 near the accident site.

Due to the extensive fire damage, investigators were unable to establish how much fuel was on board or examine the fuel system. During an engine examination the compression test found the No. 2 cylinder had low compression, with air leaking through the intake. The intake and exhaust valve moved as the propeller was rotated. The No. 2 cylinder was examined using a borescope; no defects were noted. The magnetos were melted and could not be tested. No other anomalies were noted with the engine.
","Flying into power lines","0.4","","0"
"WPR23LA025","On October 25, 2022, sometime before 1800 Pacific standard time, an unregistered Airborne Windsports Edge X weight-shift-control aircraft was substantially damaged when it was involved in an accident at Alturas Municipal Airport (AAT), Alturas, California. The non-certificated pilot was fatally injured. The aircraft was operated as Title 14 Code of Federal Regulations Part 91 personal flight.
According to law enforcement, an officer was dispatched at approximately 1807 and observed the accident aircraft between the north and southbound runway and taxiway. The responding officer had been on duty earlier and recalled observing the aircraft flying around the area between 1200 and 1500. There were no known witnesses of the accident event. Flight track data of the accident flight was not available. 
PERSONNEL INFORMATION
According to the previous owner, before the transfer of ownership he conducted several flight hours with the accident pilot to demonstrate how the aircraft handles. After the previous owner had suggested not to fly the aircraft without first receiving introductory lessons, the accident pilot expressed confidence, and stated he was familiar with flying hang gliders. 
AIRCRAFT INFORMATION
The previous owner stated that the engine and propeller had accumulated 7 hours of total time when he sold the aircraft to the accident pilot.
MEDICAL AND PATHOLOGICAL INFORMATION
The autopsy identified severe atherosclerosis in the pilot’s right coroner artery (95%) and the left anterior descending coronary artery (75%), severe aortic atherosclerosis, cardiomegaly (395 grams), and left ventricular hypertrophy (2.0 centimeters). Toxicology testing detected carboxy-delta-9-tetrahydrocannabinol (THC-COOH), in the pilot’s heart blood at 10 nanograms per milliliter (ng/mL) and in urine at 313.1 ng/mL. 11-hydroxy-delta-9-THC (11-OH-THC) was detected in his urine at 33.7 ng/mL, but not in his blood. The non-impairing medication salicylic acid was detected in the pilot’s heart blood and urine.","Heart attack of the pilot","0.5","","0"
"CEN24LA014","A review of the airframe maintenance logbook indicated that the last annual inspection of the airplane was completed on May 16, 2023, about 5 months before the accident, at an airframe total time of 2,572.7 hours. The airframe logbook entry for the last annual inspection did not refer to the condition of or any work completed on the airplane’s brake system. However, the work order associated with the last annual inspection included the discrepancy, “Brake discs beyond allowable limits (replace parts),” but there were no corrective actions taken because when rechecked the brake components were reportedly “within allowable limits.” Based on the work order invoice, there was no labor charge associated with the brake system inspection despite the aircraft owner being charged for 8 replacement brake linings.

Further review of the airframe maintenance logbook revealed the last time the brake linings were replaced was on March 19, 2015, at an airframe total time of 1,893.7 hours. At the time of the accident, the brake linings had accumulated 807.8 hours since they were installed. On October 6, 2023, about 0945 eastern daylight time, a Cirrus SR22 airplane, N969JB, was substantially damaged while taxiing at the MBS International Airport (MBS), Saginaw, Michigan. The pilot and passenger were not injured. The airplane was operated as a Title 14 Code of Federal Regulations Part 91 personal flight.

The pilot reported that he taxied from the fixed-base operator’s building to runway 23 via taxiway C to taxiway C4 and held short at the approach end of runway 23. As the pilot increased brake pressure to stop the airplane, it turned to the left and completed a full 360° turn before coming to rest. The passenger then offered to try his brake pedals, but the airplane only turned to the left; the pilot and passenger concluded they had no control of the right brake. The passenger then observed a fire emanating from under the right wing. The airport’s aircraft rescue and firefighting personnel responded and extinguished a fire associated with the right brake assembly. The right wing’s lower surface sustained substantial thermal damage during the ground fire. An examination of the left brake assembly revealed a darkened temperature indicator sticker that indicated the left brake assembly had previously exceeded the manufacturer’s temperature limitation. The right brake assembly sustained significant thermal damage during the ground fire and its associated temperature indicator stickers were not observed.

As part of the investigation, an aviation mechanic measured the thickness of the airplane’s brake linings. The measured thickness of the brake linings was reported as follows:

Left inner brake lining, 0.144 inch
Left outer brake lining, 0.120 inch

Right inner brake lining, 0.066 inch
Right outer brake lining, 0.052 inch

The postaccident examination of the airplane’s brake system established that the brake components were consistent with the original brake design before the release of Cirrus Service Bulletin No. 2X-32-12. According to the Cirrus SR22 Maintenance Manual, if not modified by Service Bulletin No. 2X-32-12, the serviceable wear limit for the brake linings was 0.1 inch.","brake failure","0.6","","1"
"ERA23FA239","On May 21, 2023, about 1530 eastern daylight time, a Commander 114TC airplane, N6042E, was destroyed when it was involved in an accident near Palm City, Florida. The pilot was fatally injured. The airplane was operated as a Title 14 Code of Federal Regulations Part 91 personal flight.
An eyewitness near the accident site reported that she saw the airplane flying at a low altitude over the trees. The witness noted that the engine sounded normal; however, as the airplane approached, the engine made a strange noise and abruptly stopped. The airplane entered a descending turn and impacted the ground before sliding to a stop in a small ditch. After impact, the airplane caught fire, and the cockpit became engulfed in flames. Despite the efforts of bystanders, the pilot could not be extricated from the airplane. Emergency services arrived shortly thereafter and extinguished the fire. An autopsy of the pilot was performed by the District 19 Medical Examiner. According to the autopsy report, the cause of death was blunt force injuries, and the manner of death was accident.
FAA toxicology testing detected 11-hydroxy-THC in urine at 3.5 ng/mL and did not detect 11-hydroxy-THC in heart blood. Carboxy-delta-9-THC was detected in heart blood at 4.4 ng/dL and in urine at 22.6 ng/mL.
11-hydroxy-THC and carboxy-delta-9-THC: 11-hydroxy-THC is a psychoactive metabolite of delta-9-THC. Carboxy-delta-9-THC is a non-psychoactive metabolite of delta-9-THC. Delta-9-THC (which was not detected in this case) is the primary psychoactive chemical in cannabis, including marijuana, hashish, and other cannabis products such as extracts and edibles. Cannabis may be inhaled or ingested recreationally by users seeking mind-altering effects. The specific psychoactive effects of delta-9-THC vary depending on the user, user history of use, dose consumed, and route of consumption. Effects of cannabis use may impair motor coordination, worsen reaction time, impair decision making and problem solving, distort perceptions of reality, and decrease vigilance. The wreckage was located about 700 yards north of the departure end of runway 36 at Naked Lady Ranch Airport (64FA), Stuart, Florida. All flight control surfaces were accounted for at the accident site. The cockpit and fuselage sustained damage due to impact and the post-impact fire. The flight control cables remained exposed but intact, connected to their respective flight control surfaces and bellcranks. Flight control continuity was established throughout the flight control system. The left and right wings were impact- and fire- damaged, while the vertical and horizontal stabilizers remained intact. The rudder and elevators exhibited signs of soot from the ground fire.
The fuel selector was found in the right tank position and was tested using forced air. All fuel selector positions were checked, and the detent on the selector operated properly. No anomalies were noted with the fuel selector. The amount of fuel each fuel tank could not be determined due to the fire damage of the fuel tanks.
The engine remained attached to the engine mounts and displayed evidence of fire damage. It was equipped with a three-blade propeller. One blade appeared undamaged, while another exhibited chordwise scoring and a bent tip. The third blade was bent aft beneath the fuselage of the airplane.
The examination of the engine revealed continuous valvetrain continuity throughout the engine and accessory components when the crankshaft was rotated 720°. Compression was observed in all cylinders. An unquantified amount of oil leakage was noted from the engine due to the impact-damaged oil supply lines. The spark plugs appeared normal and did not exhibit any signs of malfunction. The magnetos were removed and their input drives rotated, producing spark on all terminals. The propeller governor oil screen was free of debris. Both vacuum pumps were removed and displayed damage from impact and heat.
The fuel pump was removed and tested, demonstrating continuous fuel pumping as the input shaft was rotated. The fuel injectors were inspected and showed no signs of clogging. A trace amount of fuel was found within the fuel divider.  The fuel inlet screen was removed from the fuel injection servo and found to be free and clear of debris.  
Both turbine wheels of the turbocharger system were found undamaged and spun freely when rotated by hand.  No debris was present on the inlet side.","The pilot had taken cannibis","0.6","","0"
"CEN23FA201","On May 24, 2023, about 1101 central daylight time, a Cessna 182T airplane, N577TZ, sustained substantial damage when it was involved in an accident near Grand Isle, Louisiana. The pilot was fatally injured. The airplane was operated as a Title 14 Code of Federal Regulations Part 91 aerial observation flight.
According to company information and ADS-B data, the pilot departed his home base of Ocean Springs, Mississippi, about 0805 for a routine fish spotting flight. ADS-B data indicated that the pilot performed several low-level flight maneuvers for about 3 hours that were consistent with aerial observation for fish spotting activities. 
During the flight, about 1030, the pilot made radio contact with a boat captain to coordinate a short flight to the west of the boat to scout fish locations. The boat captain stated the pilot seemed upset, agitated, and discouraged due to some unknown issue that occurred the day before. During the radio communications, the pilot stated several swear words and inappropriate language, which was extremely abnormal for the pilot and in violation of company policy. 
The pilot descended to about 500 ft above ground level near Cat Island, and the boat captain could tell the pilot was still upset. The boat captain told the pilot to go land the airplane and take a break. The pilot stated he was going to fly to the north and that was the last communication the boat captain had with the pilot. About 1104, the boat captain texted the pilot to let him know he was not going to fish to the west; there was no response from the pilot.
The last ADS-B contact showed the airplane about 1.8 miles offshore on a southwest heading about 175 ft above the ocean water (see figures 1 and 2).
Figure 1. ADS-B data showing the end of the flight track.

Figure 2. ADS-B data showing the end of the flight track.
There were no emergency or distress calls received from the accident airplane. Based on company flight tracking information, company personnel notified the US Coast Guard about a missing airplane and a search was initiated. The pilot’s body was located the following morning near a coastline, but the airplane was not located.
On June 6th, a shrimp boat fishing net caught the airplane. Unable to raise the airplane onto the boat, the shrimp boat captain cut the net and noted the location. On June 11th, a majority of the airplane wreckage was recovered about 1.8 miles offshore of Grand Isle in about 15 ft of water. An autopsy of the pilot was performed by the Jefferson Parish Forensic Center, Harvey, Louisiana. According to the autopsy report, the cause of death was multiple blunt force injuries and drowning, and the manner of death was accident. 
The FAA Forensic Sciences Laboratory performed toxicological testing on postmortem specimens from the pilot. No drugs of abuse were detected. Ethanol was detected in cavity blood at 0.278 g/dL, in vitreous fluid at 0.245 g/dL, in muscle tissue at 0.249 g/dL, and in brain tissue at 0.283 g/dL. N-propanol was detected in cavity blood and brain tissue and was not detected in vitreous fluid or muscle tissue. N-Butanol was detected in cavity blood and was not detected in vitreous fluid, muscle tissue, or brain tissue. 
Ethanol is a type of alcohol. It is the intoxicating alcohol in beer, wine, and liquor, and if consumed, can impair judgement, cognition, and vigilance. Performance impairing effects can include worsening judgement and reaction times, alterations in perception of the environment, poor coordination and changes in behavior and mood. Performance-impairing effects worsen as blood levels of ethanol increase. Once consumed, ethanol is absorbed into circulation and rapidly distributes into total body water, resulting in relatively similar ethanol levels in various body tissues. Alcohol consumption is not the only possible source of ethanol in postmortem specimens. Ethanol can sometimes be produced by microbes in a person’s body after death. Postmortem ethanol production is made more likely by extensive traumatic injury. Vitreous fluid generally is better protected from postmortem microbial spread and therefore is less susceptible to postmortem ethanol production than other specimen types. FAA regulations impose strict limits on flying after consuming ethanol, including prohibiting pilots from flying with a blood ethanol level of 0.04 g/dL or greater. 
N-propanol and n-butanol are other alcohols that can be produced by microbes in a person’s body after death. Their presence is a postmortem specimen, which is potentially indicative of postmortem microbial activity in the specimen but does not reliably indicate that postmortem ethanol production occurred. The extent of airframe damage during the water impact was unknown due to ocean tide activity, the shrimp boat net entangling the wreckage, and subsequent recovery operations. The fuselage was recovered in about four main sections: forward fuselage, mid-fuselage, empennage, and left wing. The right wing, two cabin doors, lower engine cowling, and a portion of the upper rudder surface were not located.
The forward fuselage, which included the engine and propeller assembly, sustained underside crush damage. The nose landing gear strut was bent and pushed aft about 60° into the firewall and forward fuselage floor. The forward fuselage floor was bent and distorted (see figure 3). Neither forward seat restraint was found secure in their respective buckle assemblies. The fuel selector valve was found in the BOTH fuel tank position, and fuel was noted in the valve. A damaged can of White Claw Hard Seltzer, which appeared to be unopened, was located behind the instrument panel.

Figure 3. Right side of forward fuselage, engine, and propeller assembly.
Flight control continuity was established from the mid-fuselage section to the cockpit controls. Disconnects in the flight control cables and system were consistent with impact and recovery operations. The left-wing flap was recovered in the extended position, and the flap push/pull rod was bent and prohibited the flap from retracting. The right flap and flap actuator were not recovered. The elevator trim tab measured about 10° tab down (nose up).
The engine remained attached to the engine mount, and the propeller remained attached to the engine. Corrosion and ocean silt debris were noted on the engine. The engine fuel pump, fuel flow divider, fuel servo lines, and fuel servo contained evidence of fuel. The propeller was manually rotated; thumb compression was noted on all 6 cylinders, and mechanical continuity was noted throughout the engine. 
Postaccident examination of the airplane revealed no evidence of any preimpact mechanical malfunctions or failures that would have precluded normal operation.","pilot was drunk","0.4","","1"
"CEN22LA198","The private pilot of the personal flight stated that he was attempting a soft field takeoff from a grass/dirt runway when the right elevator struck the ground. The airplane veered to the right, and the pilot applied corrective aileron and rudder control inputs while he continued the takeoff. The pilot did not hear or feel the impact of the elevator with the ground and continued the takeoff. As the airplane approached the runway departure end, the pilot pulled back on the control yoke to get the airplane airborne. The pilot was unable to get the airplane airborne and it impacted and became partially submersed in a saltwater canal at the departure end of the runway. The airplane sustained substantial damage to the engine firewall, left wing, and right elevator. The pilot stated there was no mechanical malfunction/failure of the airplane.
","Mechanical failure to the elevator","0.6","","0"
"ERA21LA275","On June 29, 2021, at 1347 eastern daylight time, a Bell 206B, N134VG, was substantially damaged when it was involved in an accident at Griffiss International Airport (RME), Rome, New York. The airline transport pilot and two pilot-rated passengers sustained minor injuries. The helicopter was operated as a Title 14 Code of Federal Regulations Part 91 instructional flight. 
The purpose of the flight was to conduct an initial Part 135 competency check ride for the pilot. On board were two Federal Aviation Administration (FAA) aviation safety inspectors, one seated in the left seat performing the check ride and another in the left rear seat providing oversight and on-the-job training to the other inspector. 
According to the pilot, after performing maneuvers, the flight returned to the airport where he was to perform a straight-in autorotation with a powered recovery to runway 33. He briefed the inspectors on the maneuver, carried out clearing turns and landing checks, and entered the autorotation at an altitude of 1,500 ft mean sea level. He lowered the collective and reduced the throttle to idle and maintained a speed of 65 knots. Before the flare, he advanced the throttle to the full open position and noted the power turbine and rotor RPM needles were in the green arc. Both he and the FAA inspector confirmed that the throttle was full open. As he raised the collective for recovery, the low rotor warning light and low rotor warning horn both activated. The engine lost partial power and the helicopter landed hard on the runway and rolled over on to its left side.
According to the FAA inspector seated in the left front seat, as the pilot reduced the collective at the start of the maneuver, he noticed a needle split on the tachometer and concluded the throttle had been reduced. He did not observe any yawing motion of the helicopter at the time. The helicopter “floated” somewhat after the entry and the descent was smooth. As the airspeed was reduced at the beginning of the recovery, he noticed that the altitude was “slightly high” (he estimated slightly above 100 ft above ground level). He checked the throttle position by attempting to rotate it towards full, and it did not move. He did not recall if he checked the tachometer at that time. He noticed that the helicopter was “higher than usual at the completion of the power recovery,” and then felt the helicopter descend and thought the pilot was lowering the helicopter to a “more reasonable altitude.” As the low rotor RPM horn sounded, he glanced inside and attempted to locate the tachometer but was unable to readily see it. As he looked back outside, the helicopter impacted the ground. After the helicopter came to rest with the engine still running, he rotated the right-side throttle grip to idle, noting that it took several iterations of gripping the throttle and rotating it with his fingers to rotate it to the IDLE position. He then struggled to press the detent button before he was able to rotate the throttle further to the OFF position. 
In retrospect, the FAA inspector in the left front seat considered, when he checked the throttle position just prior to recovery by attempting to rotate it, that it may have been held in position by the pilot, who had been gripping the controls somewhat tightly, and was not against the stop in the full position as he assumed. Or, if it had been, perhaps it was rotated away from full, as the collective was raised to arrest the descent at the end of the autorotation.
A statement provided by the FAA inspector seated in the rear left seat, stated in part:
[the pilot] initiated the maneuver by reducing the collective and simultaneous bringing the throttle to the idle position. The initiation was performed at a proper point to ensure we made our intended point of termination. During the auto, I could hear the pilot making proper call-outs (i.e. Airspeed, rotor, touchdown point.) The deceleration was begun too high and a little too aggressive. Because of this, it is not uncommon for the “low rotor” audio warning to come on. I knew there was a problem when the audio warning continued. I attempted to look at the rpm gauge, but before I could verify whether or not the throttle was returned to the “open” position, we impacted the ground.  
Initial examination of the helicopter by a third FAA inspector revealed substantial damage to the fuselage above the windscreen and the left horizontal stabilizer. 
A subsequent examination of the helicopter demonstrated drive continuity within the main transmission. The tail rotor drive system rotated by hand freely throughout the entire system, demonstrating tail rotor drive continuity, and the tail rotor hub and blades remained intact. Both main rotor blades exhibited detached tips, trim tab separations, chordwise fractures and fragmenting of the blade skins and internal foam core. The main rotor hub was intact and the main rotor pitch change links exhibited overload fractures. The throttle was manipulated by hand during the examination to the three positions—Off, Idle, Full On (Fly)—and the proper corresponding positions at the fuel control unit (FCU) pointer were observed. The fuel valve switch was found in the “On” position. The fuel shutoff valve was removed from the helicopter before battery power was engaged during the examination and the valve was observed to be in the Full Open position. The remaining fuel within the fuel cell appeared to be clear and the airframe fuel filter was not obstructed. The fuel boost pumps were activated and operated properly in the green pressure range. Control continuity was confirmed from the flight controls in the cockpit to the corresponding flight control surfaces.
All of the engine and transmission chip detectors, fuel, and oil filters were free of debris. Fuel was present up to the fuel spray nozzle. All engine control pneumatic B-nuts were tight and torque-striped. Control continuity from the cockpit to the engine was confirmed. A borescope examination of the engine revealed metal splatter in the combustion chamber consistent with combustion taking place when the compressor ingested metallic fragments. There were no anomalies with the engine that would have precluded normal operation prior to the accident.
A review of the maintenance records revealed that the most recent 100-hour inspection was performed on April 19, 2021, about 60 flight hours before the accident. At that time, the fuel nozzle and filter were disassembled and cleaned, the starter generator was removed and its brushes were inspected, an engine oil flow check was performed and the fuel system was bled. No other maintenance activity was logged in the engine logbook after this inspection. Entries made in the airframe logbook since that inspection included replacement of the turbine outlet temperature indicator, after a pilot report of an abnormal reading during engine starting, on May 14, 2021. On June 4, 2021, the fuel cell was replaced and the fuel cell/sump drain valve was disassembled and cleaned. After a report of leaking, the drain valve was replaced on June 11, 2021. 
According to the FAA Helicopter Flying Handbook: 
“This is one of the most difficult maneuvers to perform due to the concentration needed when transitioning from powered flight to autorotation and then back again to powered flight. For helicopters equipped with the power control on the collective, engine power must be brought from flight power to idle power and then back to a flight power setting. A delay during any of these transitions can seriously affect rotor rpm placing the helicopter in a situation that cannot be recovered.” 

Furthermore, it stated under the section that listed common errors: 
“Failure to coordinate throttle and collective pitch properly, which results in either an engine overspeed or loss of rotor rpm…Late engine power engagement causing excessive temperature or torque, or rpm drop","Difficult to perform manœuvre by inexperienced pilot","0.5","","0"
"WPR23LA112","On February 15, 2023, about 1730 Pacific standard time, an unregistered Star Lite SL-1 airplane was destroyed when it was involved in an accident near Corning, California. The student pilot was fatally injured. The airplane was operated as a Title 14 Code of Federal Regulations Part 91 personal flight.
The owner of the airplane stated that on the day of the accident he and the accident pilot were taking turns flying the airplane in the traffic pattern at Corning Municipal Airport (0O4). The owner performed five or six takeoffs and landings, and then switched with the accident pilot. 
The accident pilot flew once around the traffic pattern and landed without incident. On the second flight, the pilot took off from runway 35 and performed what the owner described as an “aerobatic” or barrel roll. He stated that the pilot appeared to pull out of the roll too slowly, while in a nose-down attitude, and that the pilot attempted an aggressive recovery. As the airplane‘s speed increased , the left wing separated, and the airplane impacted terrain. 
Another witness to the accident provided a statement consistent with that of the airplane owner. 
The airplane impacted the ground about 0.5 miles southwest of the airport. The airplane came to rest in an orchard with debris scattered throughout an approximate 90-yard radius. The left wing was located about 60 yards northwest of the main wreckage. The owner discarded the wreckage before an examination could be performed. 
The airplane owner stated that he had purchased the airplane three to four months before the accident. He was under the impression it was in the ultralight category, and he did not provide maintenance records. The owner stated that the airplane was not aerobatic capable. 
The pilot held a student pilot/third class medical certificate, issued in September 2021. At the time of the medical examination, the pilot reported 120 total hours of flight experience, with 45 hours in the previous six months. The pilot reported no medications. No pilot records were located and the pilot’s total flight experience at the time of the accident was not determined. 
An autopsy of the pilot was performed by Bennet Omalu Pathology, at the request of the County of Tehama Sheriff-Coroner’s Department. According to the autopsy report, the cause of death was acceleration-deceleration polytrauma. 
The FAA Forensic Sciences Laboratory performed toxicology testing of postmortem specimens from the pilot. Amphetamine was detected in cavity blood at 149 ng/mL and in liver tissue at 144 ng/g. Bupropion was detected in cavity blood at 40 ng/mL and in liver tissue at 38 ng/g. Hydroxybupropion was detected in cavity blood at 122 ng/mL and in liver tissue at 1345 ng/g.
According to the pilot’s wife, the pilot had recently been diagnosed with bipolar disorder and was being treated for attention-deficit/hyperactivity disorder. Reviewed records contained no further details regarding the pilot’s health conditions or any associated symptoms.
Amphetamine is a prescription Federal Schedule II controlled substance. Amphetamine may be prescribed for attention-deficit/hyperactivity disorder, narcolepsy, and obesity. Amphetamine usually carries a warning that the drug may impair the ability to operate a vehicle, and care should be taken until the effects of the drug are assessed after initiation of use. Amphetamine also generally carries a warning that use in individuals diagnosed with bipolar disorder without an additional medication to stabilize mood can precipitate mania. Amphetamine can be used recreationally by users seeking euphoric effects and to increase alertness and relieve fatigue. Abuse of amphetamine may lead to psychosis, paranoia, auditory and visual hallucinations. In addition to being available as a drug itself, amphetamine is a metabolite of methamphetamine, another drug in the same class. The FAA considers amphetamine or methamphetamine use disqualifying for pilot medical certification.
Bupropion is a prescription medication that acts on the central nervous system (CNS) and can be used to treat depression and to help people quit smoking. Bupropion is sometimes used as part of the treatment of ADHD or of depression in bipolar disorder. Hydroxybupropion is a metabolite of bupropion. Bupropion’s mechanism of action and side-effect profile differs from other antidepressants; it does not typically cause sedation but may cause insomnia; to avoid adverse events including an increased risk of seizures, strict dosing guidelines are recommended. One small study of healthy subjects found no significant impact of sustained-release bupropion on psychomotor performance, including on tests intended to simulate flying performance. In patients with major depression, bupropion may improve associated neurocognitive deficits. Research on motor vehicle crash risk indicates that depression, antidepressants, or the combination of depression and antidepressants may present a safety hazard, but the independent contributions of antidepressants to that hazard generally are not well-defined. Typically, bupropion carries a warning that any drug that acts on the CNS may impair users' ability to perform tasks requiring judgment or motor and cognitive skills, and that bupropion users should not drive or operate hazardous machinery until they are reasonably certain that the drug does not adversely affect their performance. Bupropion also generally carries a warning that use in individuals with bipolar disorder without an additional medication to stabilize mood, can precipitate mania. At the time of this accident and the final FAA medical case review for this accident, bupropion use was unacceptable for pilots.","Impaired pilot due to drugs taken","0.7","","0"
"CEN21LA048","On November 6, 2020, at 2045 eastern standard time, an Piper PA-28-140, N9993W, sustained substantial damage when it was involved in an accident near Greenville, Michigan. The commercial pilot and two passengers were uninjured. The airplane was operated as a Title 14 Code of Federal Regulations Part 91 personal flight.
 
The pilot stated that during the night cross country flight, he flew to and landed at two airports performing a total of two full stop landings and one touch and go landing, prior to returning to the departure airport. Before approaching the departure airport, he performed two steep turns and a power-off stall. He then performed a low pass about over runway 18/36 to check for deer prior to a straight-in approach for landing on runway 28. During a right turn for the approach, the engine lost power and a subsequent engine restart attempt was unsuccessful. He stated that he could still hear some engine noise and tried to use the throttle to pump fuel. He stated there was a slight rise in engine speed when he first pumped the throttle. He stated he did not look at the tachometer or oil pressure gauge to determine if the engine was still running. He did not check the magnetos due to the low altitude but saw that the magneto switch was on BOTH. He then performed a forced landing on a partially harvested corn field. During the landing, the airplane sustained substantial damage that included damage to the firewall, fuselage, left wing, and right wing.
 
When the pilot was asked about his use of the fuel quantity gauges to verify fuel level, he stated he does not look at them because they are only accurate when empty. He stated he does his planning and keeps track of fuel burn on paper. The pilot stated he switched from the left fuel tank to the right fuel tank at 1954, from right fuel tank to left fuel tank at 2025, and before entering the airport traffic pattern, he switched back to the right fuel tank to be on fullest fuel tank. He stated that based upon his fuel consumption calculations, there should have been 7 gallons of fuel remaining in each fuel tank.
 
Postaccident examination of the airplane revealed about 1 pint of 100 low lead (100LL) aviation fuel was present in the left fuel tank and about 12 gallons of 100LL was present in the right fuel tank. Both fuel tanks were found intact after the accident sequence. 
 
The left fuel quantity transmitter was out of tolerance, reading 3 ohms high on FULL and 27 ohms high on EMPTY. When moving the left transmitter through the range, the ohmmeter fluctuated significantly, indicating dead spots in the transmitter. The right transmitter was slightly out of tolerance, reading 0.5 ohm low on FULL. The EMPTY range was within tolerance.

The fuel selector valve was removed and inspected. The valve rotation was stiff and the detents for the valve position were not readily perceptible. The valve exhibited rotational scoring in the valve body and on the plug cock. The plug cock also was discolored and had contaminant buildup. The detents on the plug cock were worn. The pilot stated that because of the lack of detents, he visually verified the position of the selector lever.
The carburetor bowl drain plug was removed to observe the fuel quantity and quality. Approximately one tablespoon of a blue liquid consistent with 100LL was present. 

The airframe fuel strainer bowl was found loose, with the safety wire intact. The bowl was not seated in the strainer housing and the thumbwheel on the bail wire was loose. The was no damage to the strainer except for a bent ear on the quick drain valve. The gascolator strainer was removed to inspect condition. No fuel was found in the strainer bowl.

","Don't know","0","","0"
"ERA20CA117","A witness observed the pilot walking around his airplane while his 11-year-old son sat inside the aircraft. The next thing the witness observed was the pilot laying unresponsive in front of the engine and the son screaming on the phone to 911. The son was trying to describe his location, so the witness called ground control on his airplane's radio, who in turn dispatched rescue personnel. According to the police report, the pilot sustained a serious head wound and blood spatter was observed on the propeller. The report also stated that the airplane's power and fuel had to be turned off and the airplane tied down after the pilot was taken to the hospital. According to the pilot's wife, her husband and son were planning to depart on a cross country flight before the accident occurred.","Unresponsive pilot","0.7","","0"
"ANC20LA043","On April 11, 2020, about 2025 Alaska daylight time, a Cessna A185E, N185RN, was substantially damaged when it was involved in an accident near D&C Fire Lake Flying Club Seaplane Base (D72), Eagle River, Alaska. Of the four occupants onboard, the pilot and one passenger sustained serious injuries, and two passengers sustained minor injuries. The airplane was operated as a Title 14 Code of Federal Regulations (CFR) Part 91 personal flight.
Due to the injuries sustained in the accident, the pilot had no recollection of the accident flight. The pilot-rated passenger, seated in the front right seat, reported they were returning home from the family’s cabin and the pilot began the initial descent about 5 miles north of Fire Lake. He said that the pilot’s intentions were to over fly the lake to inspect the landing area, followed by a left base turn, and a landing on the frozen lake to the north. He added that as they flew over the north side of the lake, on a southerly heading, the pilot began to maneuver the airplane for the approach to land and the engine suddenly lost all power, but the propeller continued to windmill. The pilot continued to fly the approach and set up to make an emergency landing. As he maneuvered the airplane to the left, he said, in part: “We are going down” which was immediately followed by the sound of the stall warning horn. The airplane subsequently struck a stand of trees and a powerline, and then pitched down violently and struck the ground in a nosed down attitude.  

The pilot-rated passenger reported that immediately after regaining consciousness, moments after the accident, he realized that he had gasoline in his eyes and on his coat.   
A witness on the ground reported that he observed the airplane fly over the northeast corner of the lake, and head south, at an altitude of about 600 ft. As the airplane passed overhead, he noted that the flaps were initially in the retracted position. He heard the power suddenly change from a mid-range cruise setting to an abrupt loss in power. He added that the propeller continued to windmill following the loss of engine power, and that once the airplane was about midway over the lake it banked to the southwest. He then recalled that the flaps had been extended and the airplane appeared to be in a forward sideslip momentarily. After briefly losing sight of the airplane, he witnessed it heading east toward the direction of the lake. A few seconds later he heard an airplane impact the trees and the ground.
The airplane came to rest in a residential yard in a near vertical position after impacting multiple trees and a powerline. The wings, fuselage, engine, and empennage were impact damaged. The landing gear appeared to be extended in the ski down position. All parts of the airplane were located at the accident site.
Federal Aviation Administration (FAA) inspectors that responded to the accident site reported that the outboard left wing leading edge had impacted the ground and that the right wing had not impacted the ground. They observed no fuel on the ground, no odor of fuel was noted at the scene of the accident, and there was no evidence of a post-crash fire. The empennage was separated but remained connected to the fuselage by the flight control cables. The left and right flap appeared to be positioned in the down (extended) position. The fuel selector was found set to the middle (BOTH) position. There were no propeller ground strike marks, and the propeller was damaged. 
The FAA inspectors further reported that where the right wing connects with the forward pillar that the fuel line was pulled from the fuel tank. They added that they removed the left inboard fuel tank cap and observed that the fuel tank membrane was completely dry. Then they removed the left outboard fuel tank cap and observed that the tank membrane showed the presence of fuel. They dipped the left tank and the dip stick went to the outboard aft corner of the tank, which was the lowest point in the fuel tank due to the position of the airplane. A moisture mark was noted about 1.5 to 2 inches up on the stick when it was removed. They did not pull the fuel tank caps on the right tanks due to the position of the airplane.  
First responders reported minimal evidence of a fuel spill at the accident scene upon arrival. During the recovery of the airplane wreckage the following afternoon, no fuel was found in either wing. Residual fuel was found in the fuel strainer that contained minor sediment and no blockages were found in the engine fuel lines. Examination of the airplane revealed no evidence of preimpact malfunctions or anomalies. 
The pilot rated passenger reported they sumped the fuel tanks prior to the flight and no water or contaminates were noted. He said he was unsure of the quantity of fuel onboard before the flight because “they do not dip the tanks or visually check fuel levels; they rely on the fuel totalizer for the fuel quantity.” He was unsure when the last time fuel was added, but said the pilot usually flew to Birchwood Airport (BCV), Alaska to refuel. He did not recall the fuel quantity just before the accident and did not know of any mechanical problems prior to the accident.
A Garmin GPSMap 495 portable global positioning system (GPS) was recovered and subsequently download and analyzed. The downloaded data revealed that the airplane was last flown to BCV, the pilot’s reported usual refueling airport, on March 28, then flown to the family’s cabin, and the airplane then returned to Fire Lake that same day. On April 4, the airplane was flown from Fire Lake to the family’s cabin and back to Fire Lake. On April 11, the day of the accident, the airplane was again flown from Fire Lake to the family’s cabin, and the accident occurred while returning to Fire Lake. A total of about 4.1 flight hours had elapsed since the airplane had been flown to BCV, or any other intermediate stops between Fire Lake or the family’s cabin.   
A J.P. Instruments (JPI) Fuel Scan, model 450, was recovered and subsequently downloaded at the NTSB's Vehicle Recorders Laboratory. The following preset parameters were recovered from the device:
       Twin/Single Engine: “Single”
        Fuel Units: “Gallons”
    Tanks Size: “68”
       Fuel Remaining: “7.7”
       Fuel Used: “0”
The J.P.I model 450 Fuel Scan system is dependent on user input to provide correct indications of fuel used and fuel remaining parameters.
The airplane was configured with an 84-gallon total fuel capacity (78 usable). Each wing can hold 42 gallons (39 usable) of fuel, with about 3 gallons unusable fuel remaining in each wing after fuel exhaustion. 
The airplane was equipped with a Continental IO-550-D engine, Fluidyne 3600 hydraulic wheel-skis, and a belly-mounted cargo pod. An airplane performance study was performed by the NTSB’s vehicle performance group. The group found that detailed airplane performance data for the Cessna A185E on hydraulic wheel-skis, with the Continental IO-550-D engine, do not exist. However, limited fuel burn data was found. 
Supplemental Type Certificate (STC) SA00344WI, which facilitates the installation of the Continental IO-550-D engine in the Cessna A185E, reflects the following limitations regarding fuel flow at full throttle (2,700 RPM) for the airframe/engine combination: 24.9 gallons per hour (GPH) sea level, 22.6 GPH 4,000 ft., 19.2 GPH 8,000 ft., 17.1 GPH 12,000 ft. However, the throttle, propeller, and mixture settings used on the flights leading up to and the accident flight are unknown. Assuming the airplane had maximum usable fuel when it departed BCV, 4.1 flight hours before the accident, the engine had an average fuel consumption rate of about 19 GPH. 
Title 14 CFR Part 91.151(a) defines the minimum fuel requirements for flight under day VFR. It states that no person may begin a flight in an airplane under VFR conditions unless (considering wind and for","","0","","0"
"ERA22LA434","On September 26, 2022, about 0900 eastern daylight time, a Cessna 414 airplane, N745EP, was substantially damaged when it was involved in an accident at Augusta Regional Airport at Bush Field (AGS), Augusta, Georgia. The private pilot and passenger were not injured. The airplane was operated by the pilot as a personal flight conducted under the provisions of Title 14 Code of Federal Regulations Part 91.
The pilot reported that during a visual approach to runway 35, while crossing over the runway numbers, he received a landing gear unsafe warning horn alert. He also observed a flickering nose landing gear (NLG) down light indication. He performed a go-around and, while in the traffic pattern, he cycled the landing gear up and down with the landing gear switch. The NLG light continued to flicker on and off, and the main landing gear lights were steady green, indicating they were down and locked. The pilot reported that the tower controller advised that the landing gear appeared to be down, so he continued in the traffic pattern for landing.  Upon touchdown the NLG collapsed, and the airplane skidded to a stop on runway 35. The forward fuselage area sustained substantial damage.
An examination of the landing gear system found that the NLG adjusting bell crank and actuator rod were connected. The NLG actuator rod was disconnected from the adjusting bell crank to facilitate recovery of the airplane. The NLG locked into place when moved into position by hand and three green lights were observed in the cockpit. There were no anomalies discovered with any linkages, bell cranks, or actuator arms, that would have resulted in the partial extension of the NLG. The landing gear system could not be otherwise functionally tested due to the airframe damage that prevented normal main and nose landing gear movement.
The manual landing gear extension crank in the cockpit was found in an intermediate position, neither fully stowed nor extended. The crank was found to catch on the pilot seat when it was attempted to be stowed; however, the crank was able to be stowed when it was rotated approximately 1/4 turn.
According to the Airplane Flight Manual, the landing gear emergency extension procedure stated in part: “Hand Crank – Push Button and Stow.” According to the Cessna 414 service manual, information was provided on troubleshooting the landing gear system when all three landing gear were not observed to be down and locked. Several possible issues were listed with corrective actions. The first item listed was, “manual extension crank improperly stowed” with a corrective action being “stow crank properly.”","Issues with the landing gear","0.6","","1"
"ERA20CA189","The pilot of the airplane reported that, while landing, a gust of tail wind pushed the airplane and he landed long.  The airplane then exited the end of the runway and impacted vegetation.The airplane sustained substantial damage to both wings.

The pilot reported that there were no preaccident mechanical failures or malfunctions with the airplane that would have precluded normal operation.

An airport's automated weather observation station located 7 miles to the south-east, reported that, about the time of the accident, the wind was variable at 4 knots.","Weather/wind caused the crash","0.7","","0"
"CEN21LA416","On September 10, 2021, about 1040 mountain daylight time, a Cessna 175 airplane, N9343B, was substantially damaged when it was involved in an accident near Hot Springs, South Dakota. The pilot and three passengers were not injured. The airplane was being operated as a Title 14 Code of Federal Regulations Part 91 personal flight. 
The pilot reported that the airplane touched down “with a gentle skip then easing forward on the yoke pinned my main gear firmly on the turf.” During the landing roll, the airplane began to veer to the right, and the pilot applied rudder inputs to correct. The airplane subsequently spun around and came to rest upright with the left main landing gear leg separated. The pilot stated the airplane was modified to conventional landing gear through a supplemental type certificate (STC) SA383GL kit in 2013. 
Postaccident examination of the airplane revealed the left wing was bent, and the main landing gear box structure was wrinkled. An attachment bolt for the left main landing gear strut was found fractured and separated from the strut.

The National Transportation Safety Board Materials Laboratory examined the fractured bolt and the attachment strut plate. According to the STC SA383GL, the inboard end of each main landing gear strut was attached to the upper side of the strut plate. Each strut inboard attachment bolt was threaded into a self-locking nut plate attached to the lower surface of the strut plate. Examination of the bolt revealed that most of the bolt threads were sheared, and the bolt shank was fractured through the uppermost thread adjacent to the grip. The bolt fracture surface had a dished fracture surface with matte gray features consistent with ductile overstress fracture. 

Bolt thread remnants were observed trapped between threads on the inner diameter of the nut plate, including between the threads at the bottom of the nut plate. The 0.49-inch-thick strut plate was bent downward at the forward and aft ends relative to the middle. The upper plate surface had a machined surface finish and did not show any evidence of fretting contact damage.

The bolt head markings were consistent with an Army-Navy (AN) standard bolt. The measured average bolt hardness corresponded to an estimated ultimate tensile strength (UTS) of 142,000 pounds per square inch (psi); the expected minimum tensile strength is 125,000 psi. 

The composition of the strut plate was identified as consistent with aluminum alloy 2014. The measured average plate material hardness was above the typical hardness range for an alloy 2014 plate.","Fractured bolt","0.5","","1"
"WPR20LA121","On April 10, 2020, about 1332 mountain daylight time, a Piper PA-32RT-300T airplane, N2112A, was substantially damaged when it was involved in an accident near Angostura, New Mexico.  The pilot sustained minor injuries.  The airplane was operated as a Title 14 Code of Federal Regulations Part 91 personal flight.

The pilot reported that prior to the accident flight, he landed at the Los Alamos Airport (LAM), Los Alamos, New Mexico.  During the landing roll, the “engine stopped” and he “presumed at the time, it was due to the 8,500 [ft] density altitude.” The pilot restarted the engine and taxied to the refueling area.  After refueling the airplane, the pilot departed LAM for Kansas City, Missouri, which was northeast of LAM.  About 20 to 25 minutes after departure, he was conducting “S-turn climbs” to avoid terrain.  As the airplane was about 11,000 ft mean sea level, the engine sputtered.  The pilot advanced throttle, mixture, and propeller controls forward, and turned the airplane to the right to avoid terrain.  The pilot stated the stall warning activated during the turn. In response, he lowered the nose and decided to land in an area of snow-covered mountainous terrain.  The airplane came to rest at an elevation of about 12,100 ft and about 45 miles northeast of LAM.

A photograph of the airplane taken by the pilot revealed that the left and right wings were separated and structurally damaged. 

Examination of the recovered airframe and engine revealed no evidence of any preimpact mechanical malfunctions or failures that would have precluded normal operation. 

Recorded engine data captured the accident flight.  The data showed that all recorded parameters were consistent with normal operation throughout the flight until about a unit time of 1847:06, fuel flow, manifold pressure, and engine RPM increased from about 20 gallons per hour (GPH), 25.6 inches, and 2,393 rpm, to about 31 GPH, 32.7 inches, and 2,531 rpm respectively.  At a unit time of 1847:54, fuel flow, manifold pressure, and engine RPM further increased to 36.5 GPH, 36.3 inches, and 2,696 rpm, followed by a decrease that is consistent with the engine losing power or shut down normally, as seen in figure 1.  

Figure 1:  Portion of recorded engine data (last 1 minute, 5 seconds)
","Loss of power maybe","0.1","","0"
"WPR23LA017","On October 18, 2022, about 0740 Pacific daylight time, a Cessna 177RG, N747ML, was substantially damaged when it was involved in an accident near Mesa, Arizona. The pilot sustained serious injuries. The airplane was operated as a Title 14 Code of Federal Regulations Part 91 personal flight.
The pilot stated that Falcon Aviation Services, based out of Falcon Field Airport (FFZ), Mesa, Arizona, reinstalled the overhauled engine and signed off the engine logbook entry on October 12, 2022. After multiple ground runs, the pilot completed an uneventful post-overhaul flight.  
The pilot reported that he departed on the accident flight about 0624 with 28 gallons of fuel onboard and maneuvered north of FFZ, where he flew about one hour orbiting about 4,000 ft above the ground at 65% to 75% engine power. The pilot returned to FFZ and was turning the airplane from base to final for runway 04R when the engine lost total power. The pilot attempted to restart the engine but was unsuccessful, and he conducted a forced landing into a water canal. The airplane impacted a berm and came to rest in the canal, resulting in substantial damage to the left wing, fuselage, and engine mount. (See figure 1.) During the recovery of the airplane, about one cup of fuel was recovered from each fuel tank. 

Figure 1. Google map view of wreckage location in relation to FFZ Runway 04R, with embedded picture of accident airplane in water canal.

Postaccident examination of the airframe and engine revealed that the fuel supply line from the fuel injection servo to the fuel flow divider, which attached to the baffle union fitting, exhibited a surging fuel leak when the propeller was manually rotated. Fuel continued to surge from the fuel line fitting as the engine-driven fuel pump actuated with the continuous manual rotation of the propeller. It was determined that the fuel line B-nut (figure 2) was not secured and was able to be turned ½ revolution to “finger tight.” The fuel pump, fuel flow divider, and each corresponding fuel line was secured to its respective mounting pad or fuel system component. 

Figure 2. View of fuel supply line from fuel servo with overlayed close-up view of baffle union fitting connection (photo courtesy of engine manufacturer)

According to the repair station, there were two primary installers of the accident engine, a technician and an inspector. The recovered task card for the engine installation revealed that the fuel system tasks, including a fuel leak check, were completed and signed off by both the technician and the inspector; however, it could not be determined which individual secured the fuel line to the baffle union fitting.","Fuel issues","0.1","","0"
"CEN21LA070","The PA38 Service manual stated: 
WARNING: A VERY THOROUGH INSPECTION OF THE ENTIRE EXHAUST SYSTEM, INCLUDING EXHAUST SHROUD ASSEMBLY, MUFFLER AND MUFFLER BAFFLES, STACKS, AND ALL EXHAUST CONNECTIONS AND WELDS MUST BE ACCOMPLISHED AT EACH 100 HOUR INSPECTION.
The entire exhaust system, including upper and lower shroud assemblies, muffler assembly, stack assemblies, and all exhaust clamps and connections must be rigidly inspected each 100 hours. The possibility of exhaust system failure increases with use. Check the system even more carefully as the number of hours increase; for example, an inspection at the 700-hour period would be more critical than one in the 100 hour period. The system should also be checked carefully before winter operation when cabin heat will be used. 
 Maintenance records for the accident airplane showed that the airframe and engine had received a 100-hour inspection that was approved on November 20, 2020, by the accident flight instructor who also held an airframe and powerplant mechanic certificate. A separate endorsement for an annual inspection was approved by a different mechanic holding an inspection authorization on that same day. The endorsement for the 100-hour inspection noted that it was completed in accordance with the Piper PA38 Service Manual. 
 On November 30, 2020, at 1213 central standard time, a Piper PA-38-112 airplane, N9879T, was destroyed when it was involved in an accident near Franklin, Arkansas. The flight instructor and the private pilot receiving instruction were fatally injured. The airplane was operated as a Title 14 Code of Federal Regulations Part 91 instructional flight.

Automatic dependent surveillance-broadcast (ADS-B) data were obtained for the accident flight, which is overlaid on Google Earth in Figure 1. The airplane departed Country Air Estates Airport (1AR9), Lonoke, Arkansas, at 0931, made a short flight to Carlisle Municipal Airport (4M3), Carlisle, Arkansas, and arrived at 0946. The airplane remained at 4M3 for about 16 minutes before it departed at 1002. The airplane then traveled about 100 nautical miles (nm) north-northwest, turned to a northeast heading and overflew Marion County Regional Airport (FLP), Flippin, Arkansas, and Baxter County Airport (BPK), Mountain Home, Arkansas, before it turned eastbound. The airplane did not land at FLP, and due to a gap in the ADS-B data it could not be determined if the airplane landed at BPK. 

After it passed BPK, the airplane turned to the east, contacted the Memphis Air Route Traffic Control Center (ARTCC) and obtained an instrument flight rules (IFR) clearance to Walnut Ridge Regional Airport (ARG), Walnut Ridge, Arkansas, which was about 76 nm east of BPK. During the portion of the flight from BPK to ARG, air traffic control initially established radar contact and voice communication with the flight. When the airplane was about 60 nm west of ARG, radar contact was lost, and voice communication became intermittent and was eventually lost. The final transmissions received from the airplane were unclear. The controller attempted to maintain communication with the accident airplane using messages relayed through other aircraft and reverted to receiving acknowledgements to transmissions using microphone key clicks from the accident pilot.

Figure 1. Map showing the airplane’s ADS-B track (red), the relative positions of airports, the straight-line course from BPK to ARG (white), and the accident location.

The airplane did not follow a straight-line course between BPK and ARG, as it first deviated up to 2.8 nm north of the straight-line course then turned toward south. The airplane then deviated south of the straight-line course by as much as 4.5 nm. During the final 5-1/2 minutes of the flight, the airplane made 3-3/4 left turns of varying radius, followed by 1-1/4 right turns before the end of the recorded ADS-B data. The final ADS-B position was at 1213:36 and the accident site was located about 0.2 nm south southeast of the last ADS-B position, 4.7 nm south of the straight-line course, and about 35 nm from BPK (figure 2).

Figure 2. Map showing the final 7.5 minutes of the accident flight path (red), with the last recorded ADS-B position, the accident location, and the straight-line course from BPK to ARG (white).
 Toxicology testing performed by the FAA’s Forensic Services Laboratory on specimens from the flight instructor detected carboxyhemoglobin at 29%. Toxicology was positive for ethanol at 0.032 gm/hg in the muscle tissue but no ethanol was detected in the liver tissue; n-butanol was also detected in muscle tissue but not in liver tissue. Methamphetamine was detected in the urine at 307 ng/mL and amphetamine was detected in urine at 31 ng/mL.
Toxicology testing performed by the FAA’s Forensic Services Laboratory on specimens from the private pilot did not detect carboxyhemoglobin in the cavity blood; FAA laboratory’s reporting limit for carboxyhemoglobin is 10%. Toxicology was positive for sedating antihistamine diphenhydramine at 848 ng/mL in the private pilot’s cavity blood and in his urine; the sedating antihistamine cetirizine was detected in his muscle and liver tissues. The non-impairing high blood pressure medications losartan and amlodipine were detected in the private pilot’s cavity blood and urine.
 
 Surface temperatures were consistent with the use of cabin heating for the accident flight. Airmen's Meteorological Information notices (AIRMET) for turbulence and icing were in effect at the time of the accident. In addition, pilot reports of turbulence ranging from light turbulence to occasional severe turbulence were reported in the area where the accident occurred.
 The flight instructor’s flight logbook was not available for review. He reported flight experience that included 3,200 total flight hours and 45 hours in last 6 months as of his last medical exam dated October 26, 2020.
The flight logbook for the pilot receiving instruction showed that he had 154.8 hours total flight experience, including about 98 hours in Piper PA-38 airplanes, as of the last entry dated November 28, 2020. The final three logged flights were in the accident airplane with one flight recorded on November 27, 2020, that lasted 2.2 hours, and two flights on November 28, 2020, that lasted 2.2, and 3.0 hours respectively. The final three flight entries noted simulated instrument flight instruction.  
 In December 2021, the NTSB made recommendations regarding the use and installation of carbon monoxide detectors in enclosed cabin airplanes equipped with reciprocating engines.
Recommendation A-22-1 to the Federal Aviation Administration stated: Require that all enclosed-cabin aircraft with reciprocating engines be equipped with a carbon monoxide detector that complies with an aviation-specific minimum performance standard with active aural or visual alerting.
Recommendation A-22-2 to the Aircraft Owners and Pilots Association and Experimental Aircraft Association: Inform your members about the dangers of carbon monoxide (CO) poisoning in flight and encourage them to 1) install CO detectors with active aural or visual alerting and 2) proactively ensure thorough exhaust inspection during regular maintenance.
 The airplane impacted trees and terrain as seen in Figure 3. The debris path was about 230 ft long and oriented on a magnetic heading of 320°. The airplane was severely fragmented, and the main portion of the wreckage came to rest about 160 ft from the initial tree impact point. The engine was located about 230 ft from the initial impact point. There was no fire. 


FIGURE 3. Photograph showing the main wreckage at the accident site.
The cabin heating system used a heat shroud over the exhaust system mufflers to draw heat from the exterior of the muffler for cabin heating. A postaccident metallurgical examination of the muffler and cabin heat shroud system revealed multiple branched cracks in the oute","Icing and cabin pressure","0.4","","0"
"WPR23FA351","On September 22, 2023, about 1446 Pacific daylight time, an unregistered experimental, amateur-built Golden Circle T-Bird II was substantially damaged when it was involved in an accident near Arlington, Washington. The noncertificated pilot was fatally injured. The airplane was operated as a Title 14 Code of Federal Regulations Part 91 personal flight.
According to a witness who was standing in front of a hangar at Arlington Municipal Airport (AWO), he observed the accident airplane complete a series of what appeared to be practice takeoff maneuvers on the west side of the airport during which the airplane would become momentarily airborne. During the airplane’s final takeoff maneuver, it lifted off the ground toward the south and turned right. The airplane narrowly missed impacting trees before it disappeared behind hangars and trees on a northwesterly heading. The airplane reappeared, and the witness stated that it “looked like it was going to dive towards the runway” before the left wing separated in flight. 
Video of the accident flight taken from the east side of the airport showed the airplane appear above a group of trees on an easterly heading, approaching from the west side of the airport. The airplane turned toward the south and yawed rapidly before it turned to the southeast. Approximately 20 seconds later, the airplane then turned to an easterly heading and exhibited erratic changes in pitch and yaw. The airplane then turned right toward the northeast, crossed over runway 16/34, and continued to turn right at a steep bank angle, at which time it entered a nose-low attitude. Two seconds later, the left wing separated from the airplane; the airplane then entered a rapid descent. The engine’s sound was erratic throughout the video and ceased about 3 seconds after the left wing separated and the airplane started its rapid descent toward the ground. 
Pilot Information
The pilot did not possess an FAA medical certificate, nor did he hold a valid FAA pilot certificate. Logbooks were not recovered to account for his total flight experience. 
Wreckage and Impact Information
The airplane came to rest inverted in a grass area about 275 ft west of the approach end of runway 16. Several structural tubes were located between the main wreckage and separated left wing, which came to rest about 400 ft northeast of the main wreckage. Propeller blade fragments were located around the left wing. The right wing fabric was torn and each of the wing’s structural tubes were bent. The vertical stabilizer was crushed while rudder, horizontal stabilizer, and elevator remained undamaged. The engine remained attached to the fuselage and the propeller blades were attached to the crankshaft through the propeller hub. 
 
Figure 1: Wreckage diagram
Postaccident examination of the engine did not reveal any preimpact mechanical anomalies that would have precluded normal operation. The ailerons were traced from the cockpit to their flight control surfaces through multiple separations, all consistent with overload failure. 
According to the airplane installation manual, the wings are secured to the fuselage at the root tube (atop the fuselage structure) via two spars at each wing (forward and aft) and 4 wing struts (forward and aft for the left and right sides). The spars connected to the root tube assembly via bolts, washers, and castellated nuts. 
The forward and aft wing spars remained attached to the root tube assembly with all the securing hardware in place. The right wing spars exhibited signatures consistent with overload failure at the wing root. The forward left wing spar had been previously repaired and the spar tube was spliced, and a sleeve was installed to couple the separated sections of spar. The sleeve exhibited fracture signatures consistent with overload failure. The aft left wing spar also exhibited fracture signatures consistent with overload. 
The airplane maintenance records were not located. 

Figure 2: Left wing spar with splice and sleeve
According to the kit manufacturer, they require customers to purchase replacement parts and would not approve a sleeve as a repair on any structure. 

MEDICAL AND PATHOLOGICAL INFORMATION

An autopsy of the pilot was conducted by the Snohomish County Medical Examiner, Snohomish, Washington. The cause of death was “blunt traumatic injuries” and the manner of death was an accident. Postmortem toxicological testing of liver tissue by NMS Labs detected ethanol at 0.95 g/hg, methamphetamine at 16,000 ng/g, and amphetamine at 1500 ng/g; delta-9-tetrahydrocannabinol (delta-9-THC), 11-hydroxy-delta-9-tetrahydrocannabinol (11-hydroxy-delta-9-THC), and carboxy-delta-9-tetrahydrocannabinol (carboxy-delta-9-THC) also were detected.
Postmortem toxicological testing by the FAA Forensic Sciences Laboratory detected methamphetamine at 7254 ng/g in liver tissue and at 919 ng/g in muscle tissue, amphetamine at 399 ng/g in liver tissue and at 50 ng/g in muscle tissue, delta-9-THC at 28 ng/g in liver tissue and at 41.8 ng/g in muscle tissue, 11-hydroxy-tetrahydronannabinol (11-hydroxy-THC) 48.5 ng/g in liver tissue and at 3.3 ng/g in muscle tissue, carboxy-delta-9-THC at 30.5 ng/g in liver tissue and at 2 ng/g in muscle tissue, and amitriptyline at 8 ng/g in liver tissue and at 41 ng/g in muscle tissue. Nortriptyline was detected in liver tissue and was detected at 8 ng/g in muscle tissue. Ethanol was not detected in liver tissue or muscle tissue. Blood was not available for testing.

Delta-9-THC is the primary psychoactive chemical in cannabis, including marijuana, hashish, and cannabis edibles. Marijuana is a federal Schedule I controlled substance. 11-hydroxy-THC (more specifically, 11-hydroxy-delta-9-THC) and carboxy-delta-9-THC are metabolites of delta-9-THC. Delta-9-THC may be inhaled or ingested recreationally by users seeking mind-altering effects. It may also be used medicinally, such as to treat illness-associated nausea and appetite loss. Psychoactive effects of delta-9-THC vary depending on the user, dose, and route of administration, and may impair motor coordination, reaction time, decision making, problem solving, and vigilance. The instantaneous level of delta-9-THC in a living person’s blood does not directly predict impairing effects, and interpretation of postmortem tissue levels of delta-9-THC is further complicated by the fact that such levels may differ from antemortem blood levels.
Ethanol is the intoxicating alcohol in beer, wine, and liquor, and, if consumed, can impair judgment, psychomotor performance, cognition, and vigilance. Alcohol consumption is not the only possible source of ethanol in postmortem specimens. Ethanol sometimes may be produced by microbes in a person’s body tissues after death.
Methamphetamine is a central nervous system stimulant drug. Amphetamine is a metabolite of methamphetamine and is also a central nervous system stimulant. Both methamphetamine and amphetamine are available as federal Schedule II controlled substance prescription medications used to treat attention deficit hyperactivity disorder, narcolepsy, and occasionally obesity. As medicines, the drugs typically carry warnings that they may impair the ability to engage in potentially hazardous activities. In addition to being used medicinally, methamphetamine and amphetamine are frequently produced illicitly and abused recreationally by ingestion, snorting, smoking, rectal insertion, or injection. Seeking an intense euphoric effect, people who abuse methamphetamine and amphetamine typically use higher doses than are used medicinally. 
Amitriptyline is a tricyclic antidepressant medication that can be used to treat nerve pain, depression, and a variety of other conditions. Nortriptyline is an active metabolite of amitriptyline and is also a prescription medication with similar uses as amitriptyline. Amitriptyline and nortriptyline often carry warnings that they may impair mental and","Medical related for the pilot","0.2","","0"
"ERA23LA198","On March 22, 2023, at 1315 eastern daylight time, a SC Aerostar Yak-52, N669YK, was substantially damaged when it was involved in an accident near Toughkenamon, Pennsylvania. The private pilot and passenger were not injured. The airplane was operated as a Title 14 Code of Federal Regulations Part 91 personal flight.
The pilot reported that he departed from his home airport bound for the New Garden Airport (N57), Toughkenamon, Pennsylvania. He reported “I did not want to upset my passenger with a significant descent rate in addition to the turbulence, so, with my passenger in mind, I flew my final approach at an altitude that supported a gentle rate of descent.” He also reported that he “had to extend my downwind for slower landing traffic, which forced a longer straight in approach.” While on the final leg of the traffic pattern the airplane unexpectantly began to descend. The pilot added power and pitched up to arrest the descent. After arresting the descent, the pilot continued the approach. Witness video from a dash camera of a vehicle nearby showed the airplane impacting a set of powerlines. After impacting the powerlines, the pilot landed in a field just short of the runway. The impact with the powerlines resulted in substantial damage to the right aileron. The pilot reported “it was physically not possible for me to see the powerlines from my seat in the aircraft at the altitude and attitude I was flying” and that he did not make any attempt to avoid the lines.
In a video posted to an internet video publishing platform, the pilot recounted details of the accident, “After the airplane sank, I shoved up the power, raised the nose a bit, and stopped the sink. I could still see down the runway, so I continued the approach, didn’t see anything directly in front of me.” Furthermore, he said, “I thought I was further, closer, to the airport than I was, didn’t factor these into being a hazard potentially” when referencing the powerlines.
The pilot reported that there were no known preaccident mechanical malfunctions or failures with the airplane that would have precluded normal operation. He also reported that the airplane performed as it normally did for the duration of the flight before the accident.","Weather","0","","0"
"ERA21LA360","On September 14, 2021, about 0940 eastern daylight time, an experimental, amateur-built Zenith 750 Cruzer, N161AR, was substantially damaged when it was involved in an accident near New Smyrna Beach, Florida. The pilot and pilot-rated passenger were not injured. The airplane was operated as a Title 14 Code of Federal Regulations (CFR) Part 91 personal flight. 

The pilot purchased the airplane on the day of the accident and intended to fly it back to Greenville, Tennessee. He conducted a short post-purchase inspection and noted that there were no brakes or throttle control for the pilot-rated passenger in the right seat. Shortly after departing X50, he “heard a very loud boom” and the airplane “jolted nose down and to the left.” The controls were locked, and the pilot could not move the control column. The pilot applied force to the controls, and they subsequently moved, and they felt free. He then decided to return to the airport, and during a left turn onto the final approach leg of the traffic pattern, the controls intermittently locked two more times and the pilot performed a go-around.

During the next approach, he heard another boom, and the controls locked again. The airplane was descending too rapidly, and the pilot performed another go-around. The pilot was able to fly the airplane back to the final approach leg of the traffic pattern without the controls locking up; however, when the airplane was about 10 ft above the runway, the controls locked again. The airplane pitched nose down and to the left and the left wing contacted the ground, followed by the nose landing gear, which collapsed. The airplane then departed the left side of the runway, impacted an embankment, and came to rest inverted in a pond.

Postaccident examination of the airplane revealed that the elevator bracket was jammed on the nylon stop block, which resulted in the elevator to remain in the nose down position until force was used to move the elevator bracket off the nylon stop block. Several cycles forward and aft of the control column resulted in the elevator bracket becoming lodged on the nylon stop block each time during the examination. The nylon stop exhibited impression marks where the elevator bracket would contact it. Additionally, the rudder and elevator cables were loose, and a bungee cord was noted holding one cable up off the empennage floor. There were marks in the structure of the empennage that exhibited evidence of long-term wear due to control cable contact. The control stick could be moved several inches before cable tension and movement would occur. 

According to the pilot, the airplane had been retrofitted with flight controls so a handicapped individual could fly it. Prior to his purchase of the airplane, the retrofitted flight controls were removed. Review of the airplane’s maintenance logs revealed that there was no entry documenting that such maintenance had occurred. The maintenance logs also noted that the airplane’s most recent condition inspection had been completed on September 13, 2021. At that time, the airplane had accumulated 45 hours of total time in service and the mechanic certified that the airplane was inspected in accordance with 14 CFR Part 43, Appendix D and was “found to be in a condition for safe operation.”","Additional retrofitted items cause control jamming","0.5","Postaccident examination of the airplane revealed that the elevator bracket was jammed on the nylon stop block, which resulted in the elevator to remain in the nose down position until force was used to move the elevator bracket off the nylon stop block","0"
"ERA23FA078","On December 4, 2022, about 1135 eastern standard time, a Rotorsport UK Cavalon gyroplane, N401GR, was substantially damaged when it was involved in an accident near Beverly, Massachusetts. The sport pilot was fatally injured. The gyroplane was operated as a Title 14 Code of Federal Regulations Part 91 personal flight. 
The pilot, who was also the owner of the gyroplane, acquired his sport pilot certificate about 6 months before the accident and had about 120 total hours of flight experience, all of which were in the gyroplane. The pilot had just received the gyroplane back after about three months in maintenance, and according to witnesses, he had not flown during that period. On the day of the accident, the pilot was planning to conduct a local flight; after engine start, he taxied from his hangar to runway 34, where he was cleared for takeoff by a tower controller. 
Security video showed that, during the initial climb, the gyroplane climbed to about 40 ft above ground level, where it leveled off briefly, then resumed a shallow climb while in a left yaw. As the gyroplane continued to climb, it began to tilt to the right followed by a rapidly developing right roll. (see figure 1.) The aircraft completed one full 360° roll to the right as it descended out of control and impacted the runway on its right side.

Figure 1. Security camera footage screen grabs showing the gyrocopter during climb as it entered a left yaw followed by a roll to the right. 
Two electronic flight displays with recording capability were retained and sent to the NTSB Recorders Laboratory for download. Review of nonvolatile memory revealed 27 parameters that were captured over a period of 20 minutes leading up to the accident. During the takeoff roll, all engine parameters, including but not limited to engine rpm, oil pressure, fuel flow, temperature, pitch, acceleration and airspeed were normal as the aircraft rolled down the runway. As the aircraft lifted off the runway surface, the airspeed was 53 kts with a vertical speed of 371 ft per minute (fpm) and a pitch of about 9.7°. As the aircraft climbed through 75 ft mean sea level (msl) and a GPS altitude of 150 ft, the airspeed was at 58 kts, the vertical speed was 782 fpm and the pitch was at 5.5° with a left roll of 10°. About 6 seconds later, while climbing through 150 ft msl, the aircraft yawed hard to the left and continued to do so until the loss of control. The pitch increased to 15° and over the next 3 seconds, the aircraft climbed through 193 ft msl and the vertical speed increased to 2,692 fpm as the aircraft rolled to the right and descended to impact. 
The aircraft impacted the paved runway surface and skidded off the right side of the runway into the grass. The wreckage path extended about 245 ft from the initial impact point to the main wreckage and was oriented on a 340° heading. During impact, the rotor head, containing the two aluminum-skinned rotor blades, hub bar, teeter bolt, and ring gear was impact-separated from the mast below the ring gear. All damage to the mast and rotor head was consistent with overstress due to impact. The rotor assembly was discovered about 170 ft south of the main wreckage. 
The rotor assembly was removed from the rotor blades, placed on top of the rotor mast, and attached with zip ties for examination. Pitch control continuity was confirmed from the flight controls in the cockpit to the rotor mast and head through an overload separation of the rotor head pitch pushrod and pitch control cable. Roll control continuity was confirmed from the cockpit control to the rotor mast and head through an overload separation at the rotor head connection point.   
Manual manipulation of the teetering function was normal and there was no evidence of rotor blade contact with any of the fuselage or control surfaces. The teetering stops were unremarkable with no bending or impact observed. 
The right side of the fuselage was crushed upwards into the cockpit. Control continuity was established through the airframe to all control surfaces; the rudder and vertical stabilizer remained intact and functional. The manual static rudder trim was in the 30° right position (left rudder deflection), was undamaged, and did not exhibit any damage features or witness marks.
The engine remained intact and operated at nearly full power for about two minutes after impact, until fire rescue personnel were able to shut it down. The four-bladed composite pusher propeller was splintered and delaminated on the outer 6-inches of all four blades in a uniform pattern and remained attached to the flange and hub.   
Subsequent examination of the engine revealed crankshaft and valvetrain continuity. Examination of the engine and airframe revealed no evidence of any pre-impact anomalies that would have precluded normal operation.
The Office of the Chief Medical Examiner (OCME), Commonwealth of Massachusetts, performed the pilot’s autopsy. According to the autopsy report, the pilot’s cause of death was blunt force injuries. The manner of death was accident. 
The autopsy revealed an enlarged heart with thickening of both cardiac ventricles. Mild atherosclerosis of the aorta and iliac arteries was also noted. Examination of the brain, lungs, and remainder of the heart revealed no evidence of other significant natural disease. At the request of the OCME, NMS Labs performed postmortem testing of the pilot’s femoral blood. 
Delta-9-THC was detected in femoral blood at 4.6 ng/mL. 11-hydroxy-delta-9-THC was detected at 1.1 ng/mL. Amlodipine and caffeine were presumptively detected.
The Federal Aviation Administration Forensic Sciences Laboratory also performed toxicological testing of postmortem specimens from the pilot. Delta-9-THC was detected in two femoral blood specimens at 5 ng/mL and 5.5 ng/mL, respectively. Delta-9-THC was also detected in cavity blood at 4.1 ng/mL and in urine at 1.4 ng/mL. 11-hydroxy-THC was detected in urine at 27.1 ng/mL but was not detected in femoral or cavity blood. Carboxy-delta-9-THC was not detected in femoral blood but was detected in cavity blood. 
According to an excerpt from the Pilot Information Letter issued by the manufacturer, titled, “Gyroplane Yaw Management and Effects on Controls” (AG-PIL-2023-01-EN), “The effect of excessive sideslip on gyroplane pitch and roll control, is, in general, poorly understood, which can lead to a risk to safe gyroplane operation.” The letter stated, 
Excessive sideslip may be created in a gyroplane deliberately, typically using rudder pedal inputs, or as an aircraft’s reaction (secondary effect) to another input such as engine power changes. The result of either input is the same; the aircraft will yaw but the aircraft will initially continue in the original flight direction which creates sideslip. Although the aircraft’s directional stability, caused by airflow over the fin, will resist the creation of sideslip, the fin is ineffective at low airspeeds and can be overpowered. Further engine thrust can be used to overpower the fin. In extremis the aircraft could be turned as much as 90 degrees to the direction of flight. 
1. Gyroplane stick pitch control stops typically range from a few degrees forward (‘nose down’) to around 20 degrees aft. During flight the stick/rotor is typically positioned around 10 degrees aft, with an in-flight stick movement of only a few degrees. The extra movement is required for take-off (stick fully back) or for stopping the rotor after landing (stick fully forward).
2. Gyroplane stick roll control stops range normally around 8-9 degrees either side of vertical. This amount of movement is never used in flight, it is only used on the ground for safe handling in side-winds. In-flight roll movement is only a few degrees.
3. These limit stops are always built into the rotor head, normally with secondary limit stops on the stick.
Yaw as a result of an extreme pedal input
It is important to","Heartattack","0.5","","0"
"ERA23LA197","On April 14, 2023, about 1440 eastern daylight time, a Cessna 177RG, N7542V, was substantially damaged when it was involved in an accident near  Crestview, Florida. The pilot was seriously injured. The airplane was operated as a Title 14 Code of Federal Regulations Part 91 personal flight.
The pilot reported that he departed Destin Executive Airport (DTS), Destin, Florida, to practice RNAV and ILS approaches in visual flight rules conditions at the Bob Sikes Airport (CEW), Crestview, Florida. The airplane departed DTS and flew toward CEW without incident; however, shortly after the pilot was cleared for his first practice approach, he heard a “boom” from the propeller hub. The propeller immediately began to shudder violently and oscillate in a semi-oval pattern. The fuselage also began to vibrate intensely, and the pilot observed oil on the propeller hub, which subsequently coated the windshield and impaired visibility. The pilot elected to shut down the engine and identified a field for a forced landing; however, as he approached the field he noticed obstacles and a marsh. He kept the landing gear retracted and landed in an area of cut trees. After touchdown, the airplane slid approximately 100 ft before coming to a stop.
An inspector with the Federal Aviation Administration responded to the accident site and examined the wreckage. The engine firewall was buckled, with complete structural failure at the engine mounts. The left, outboard wing section was bent upward, and the vertical stabilizer leading edge and horizontal stabilator were buckled. There was damage to the lower fuselage and the landing gear was completely retracted. Oil was present in the engine; however, the engine was tilted forward in the mount so an accurate quantity could not be established. There was evidence of oil leakage on the right side of the aircraft.
The wreckage was recovered to a storage facility where an additional examination was performed. During the engine examination, the propeller was rotated manually through 90° of travel before it stopped and could not be rotated further. The oil suction screen contained about a teaspoon of metallic flakes, and metal particles were present throughout the pleats of the oil filter element.
The No. 3 cylinder was removed and the No. 3 connecting rod beam was cut to gain access to the rear portion of the engine interior. Damage to the cylinder skirts of the Nos. 1, 2, and 4 cylinders prevented their removal. The No.1 cylinder barrel was cut and the cylinder removed from the engine. The No.1 connecting rod was found separated from the No.1 crankshaft rod journal and damaged from impact with the internal engine components. The No.1 rod cap was found to be damaged and found inside the engine crankcase. Two portions of the No.1 connecting rod were also found inside the crankcase with rod bolt holes. Both rod bolt threaded ends were found in the crankcase. No rod nuts were observed on the threaded ends. A portion of a threaded rod nut was observed inside the crankcase. Fragments of the No.1 rod bearings were found inside the crankcase. The No.1 crankshaft rod journal did not exhibit scoring or discoloration consistent with overheating. No indications of overheating of the other rod journals or crankshaft journals were observed.
A review of the aircraft maintenance logbooks revealed that, as of the last annual inspection on September 16, 2022, the engine had accumulated 1,624.61 hours since its last overhaul. The pilot, who owned the airplane, purchased it on September 10, 2021. That overhaul was completed on February 28, 1993, more than 30 years before the accident. According to Lycoming Service Instruction No. 1009BE, dated April 24, 2020, “all engine models are to be overhauled within twelve (12) calendar years of the date they first entered service or of last overhaul. This calendar year time period TBO is to mitigate engine deterioration that occurs with age, including corrosion of metallic components and degradation of non-metallic components such as gaskets, seals, flexible hoses and fuel pump diaphragms.”","Icing of the windscreen","0.3","","0"
"ERA22LA107","On January 12, 2022, about 1427 eastern standard time, a Piper J3C-65 airplane, N88509, was substantially damaged when it was involved in an accident near Winter Haven, Florida. The flight instructor and pilot receiving instruction sustained serious injuries. The airplane was operated as a Title 14 Code of Federal Regulations Part 91 instructional flight. 

The flight instructor reported that the airline transport pilot receiving instruction had not flown a float-equipped airplane in 3 years, so the flight instructor considered the training flights as review. The flight instructor stated that, during their 2-hour morning flight, the pilot receiving instruction sat in the front seat and that he tended to “fly too slow” after takeoff and “turn sharply.” The instructor further stated that he had to “push the nose down on several occasions.” 

After eating lunch and refueling the airplane, the afternoon flight began, with the pilot receiving instruction sitting in the rear seat. The instructor estimated that they flew about 1 hour when the accident occurred. Although the flight instructor did not recall the details of the accident, he did recall thinking that the pilot receiving instruction might not have been able to see the instruments well from the rear seat or that he was being inattentive. The pilot receiving instruction had no recollection of the accident flight.

A witness near the accident site stated that he saw the accident airplane fly one low pass over the lake, circle to the right, and then come around and descend again toward the lake. The witness stated that airplanes typically either land on the lake or fly a low pass but that the accident airplane made a small splash on the second pass when the right float touched the water. The airplane then “accelerated up” a couple hundred feet and started veering to the right in a “big arc.”

The witness also stated that the turn “seemed like a steep angle” and that, at the top of the arc, he saw “the whole top of the airplane and it just continued downward.” The witness could not hear the engine when the airplane was descending. He stated that the airplane impacted the ground in a near-vertical nose-down attitude and that the airplane stayed in that position for a short time before the tail settled toward the ground.

During a postaccident interview, the flight instructor stated that the witness’ description of the second pass sounded as if it were a go-around maneuver. The flight instructor also stated that the pilot receiving instruction had been “making really steep turns and he was too slow on airspeed.” The instructor added that he did not correct it in time.

Postaccident examination of the wreckage revealed that the airplane came to rest in a near-vertical nose-down attitude with no ground scars or tree damage leading toward the wreckage, consistent with a near-vertical flightpath angle. The left wing sustained substantial damage. Control cable continuity from the cockpit area to the respective ailerons, rudder, and elevator control surfaces were confirmed.

Further examination of the airplane revealed that the engine remained attached to the airframe with the propeller attached and canted left. Both propeller blades exhibited leading-edge abrasion. One propeller blade was cut to facilitate propeller rotation. All the spark plugs were removed and visually examined, and their condition was noted as normal-to-worn-out based on Champion Aviation’s Check-A-Plug Guide. 

Rotation of the engine’s crankshaft produced compression on all cylinders, and normal valvetrain movement was observed when the crankshaft was rotated. Examination of the engine’s cylinders with a lighted borescope revealed no damage to the cylinders or pistons. Both magnetos produced spark at all towers when their input drives were rotated. 

Borescope examination of all cylinders revealed carbon deposits consistent with a rich mixture and/or the use of automotive fuel. All cylinders passed a cold compression check. Fuel was present in the carburetor bowl and was absent of water or debris. Examination of the engine revealed no preimpact mechanical malfunctions or anomalies that would have precluded normal operation.

Review of the icing probability chart contained within Federal Aviation Administration Special Airworthiness Information Bulletin CE-09-35 revealed that the atmospheric conditions at the time of the accident were conducive to “serious icing at glide power.” The flight instructor explained, during a postaccident interview, that carburetor heat was used on all approaches and would have been turned off at the initiation of the go-around maneuver.","Inexperienced pilot","0.6","","0"
"CEN21FA043","FFI Formation Guidelines and Standard Procedures (dated March 15, 2020)
According to the Emergency Procedures section, Aircraft Malfunctions, 
When an aircraft malfunction or emergency occurs, call ‘Knock It Off’ and inform Lead of the problem. Normally, if the aircraft in distress is able to communicate with outside agencies and navigate, they should take the lead when offered. As much as possible, avoid flying too close to an aircraft with an emergency. Fly no closer than route formation, and do not distract the pilot of the emergency aircraft.
 The maintenance records for the J35 were not located during the investigation.
 On November 6, 2020, about 1638 central standard time, a Beech J35 airplane, N617Q, and a Beech M35 airplane, N338Z, were involved in a midair collision near Fredericksburg, Texas. The J35 was destroyed, and the pilot was fatally injured. The M35 sustained substantial damage; the pilot and pilot-rated passenger received minor injuries. Both airplanes were operated as Title 14 Code of Federal Regulations Part 91 personal flights. 

The pilot of the M35 stated that the accident flight comprised four airplanes with the intent of practicing formation operations in an area north of Gillespie County Airport (T82), Fredericksburg, Texas. The flight of four airplanes were involved in formation flight training per Formation Flying Inc. (FFI) training standards.

The J35 (the flight leader) and the M35 departed together, followed by the third and fourth airplanes. Shortly after takeoff, the pilot of the J35 gave the signal to retract the landing gear and began a right turn; however, the M35’s landing gear would not retract. The pilot of the M35 then moved to the “route” position (about 3 to 4 airplane widths away from the J35) to troubleshoot the landing gear problem. 

The pilots of the third and fourth airplanes departed the formation and subsequently proceeded to the practice area to maneuver as a two-airplane flight. The pilot of the J35 stated that he would follow the M35 back to the departure airport and directed the pilot of the M35 to take the lead position. The pilot of the M35 made a slight right turn away from the other airplane and leveled the airplane on a downwind leg for the landing runway about 3 to 4 wingspans left (to the west) of the J35.

Just before briefing the approach and landing plan, the pilot and observer of the M35 heard a loud “bang/wham,” and the airplane violently shook. The airplane immediately pitched down, and the left wing dropped. The engine sound went quiet, and engine oil began to accumulate on the windscreen. The pilot reported that he and the observer were unsure of the damage to the airplane.

The pilot performed a forced landing to a grassy field which contained a few small trees. During the landing, the airplane impacted small trees, skidded, and came to rest upright. 

Numerous witnesses reported observing or hearing the midair collision. According to the witnesses, after the collision, one airplane (J35) descended rapidly toward the terrain and the other airplane (M35) was headed in a westerly direction. Witnesses lost sight of the J35 behind trees and observed a fireball and smoke. Figure 1 depicts the ground tracks of both airplanes before and following the collision. 


Figure 1. Ground tracks of accident flights. 
 Toxicology testing of the pilot of the J35 at the FAA Forensic Sciences Laboratory found 64 (mg/dL) glucose in vitreous, and alfuzosin was detected in the blood and urine. 
 Airplane Performance Study
A National Transportation Safety Board Airplane Performance Study was completed by the Office of Research and Engineering. The study was based on Automatic Dependent Surveillance-Broadcast (ADS-B) data provided by the FAA and GPS data recovered from the M35’s Garmin Aera 660 handheld GPS unit. N338Z was equipped with ADS-B; however, the equipment was turned off due to the planned formation flight and operating as the non-lead aircraft.
Recorded ground tracks showed that the J35 was ahead and to the left of the M35 during takeoff. About 1637:48, as the two airplanes were approaching a north heading in the turn, the J35 converged behind and below the M35, which had a descent rate of about 350 ft/min. (See Figure 4)
 
Figure 4: Recorded ground tracks for airplanes near impact
About 1637:50, the M35’s descent rate increased to about 750 ft/min, and the two airplanes collided at an altitude of about 2,430 ft mean sea level. 
 The J35 accident site was located about 2.5 miles northwest T82, and 1.1 miles east of the M35’s forced landing site. The main wreckage sustained a postimpact fire and was destroyed (See Figure 2.). The landing gear was extended, and the flaps were in the retracted position. The propeller blades sustained leading edge gouging and chordwise scratches.


Figure 2. N617Q Main Wreckage
The M35 accident site was located about 3.6 miles northwest of T82, and 1.1 miles west of N617Q. The airplane sustained substantial damage to its left forward fuselage and the left and right wings (See Figure 3.). Damage consistent with propeller impact marks was noted on the left forward engine cowling, forward engine cylinders, and nose landing gear tire. The flaps were found in the retracted position. The airplane’s three-bladed propeller assembly had separated from the engine crankshaft. The propeller assembly was located on December 2, 2020, about 1,000 ft north of the estimated collision location.

Figure 3. N338Z Main Wreckage. 
","Propellor or engine failure","0.6","","0"
"ERA23FA340","The FAA Airplane Flying Handbook, Steep Turns 
The FAA Airplane Flying Handbook provided guidance on the execution of several performance maneuvers, including steep turns. The handbook stated in part:
Steep Turns
Steep turns consist of single to multiple 360° and 720° turns, in either or both directions, using a bank angle between 45° and 60°. The objective of the steep turn is to develop a pilot’s skill in flight control smoothness and coordination, an awareness of the airplane’s orientation to outside references, division of attention between flight control applications, and the constant need to scan for hazards and other traffic in the area.
The chapter further outlined information regarding steep turns and the effect on load factor and design standards and limitations for general aviation airplanes. 
As discussed in previous chapters, when banking an airplane for a level turn, the total lift divides into vertical and horizontal components of lift. In order to maintain altitude at a constant airspeed, the pilot increases the angle of attack (AOA) to ensure that the vertical component of lift is sufficient to maintain altitude. The pilot adds power as needed to maintain airspeed. For a steep turn, as in any level turn, the horizontal component of lift provides the necessary force to turn the airplane. Regardless of the airspeed or airplane, for a given bank angle in a level altitude turn, the same load factor will always be produced. The load factor is the vector addition of gravity and centrifugal force. When the bank becomes steep as in a level altitude 45° banked turn, the resulting load factor is 1.41. In a level altitude 60° banked turn, the resulting load factor is 2.0. To put this in perspective, with a load factor of 2.0, the effective weight of the aircraft (and its occupants) doubles. Pilots may have difficulty with orientation and movement when first experiencing these forces. Pilots should also understand that load factors increase dramatically during a level turn beyond 60° of bank. Note that the design of a standard category general aviation airplane accommodates a load factor up to 3.8. A level turn using 75° of bank exceeds that limit. 
Because of higher load factors, steep turns should be performed at an airspeed that does not exceed the airplane’s design maneuvering speed (VA) or operating maneuvering speed (VO). Maximum turning performance for a given speed is accomplished when an airplane has a high angle of bank. Each airplane’s level turning performance is limited by structural and aerodynamic design, as well as available power. The airplane’s limiting load factor determines the maximum bank angle that can be maintained in level flight without exceeding the airplane’s structural limitations or stalling. As the load factor increases, so does the stalling speed. For example, if an airplane stalls in level flight at 50 knots, it will stall at 60 knots in a 45° steep turn while maintaining altitude. It will stall at 70 knots if the bank is increased to 60°. Stalling speed increases at the square root of the load factor. As the bank angle increases in level flight, the margin between stalling speed and maneuvering speed decreases. At speeds at or below VA or VO, the airplane will stall before exceeding the design load limit. 
In addition to the increased load factors, the airplane will exhibit what is called “overbanking tendency” as previously discussed in Chapter 3, Basic Flight Maneuvers. In most flight maneuvers, bank angles are shallow enough that the airplane exhibits positive or neutral stability about the longitudinal axis. However, as bank angles steepen, the airplane will continue rolling in the direction of the bank unless deliberate and opposite aileron pressure is held. Pilots should also be mindful of the various left-turning tendencies, such as P-factor, which require effective rudder/aileron coordination. While performing a steep turn, a significant component of yaw is experienced as motion away from and toward the earth's surface, which may seem confusing when first experienced.
Flight Data Monitoring
The NTSB has outstanding recommendations for Part 135 operators to implement SMS and FDM programs. In 2019-2020, the NTSB published a fact sheet as part of the Most Wanted List of Transportation Safety Improvements titled, Improve the Safety of Part 135 Aircraft Flight Operations. Although the safety improvement was directed to Part 135 operators, many of the benefits are applicable to Part 141 flight schools. The safety improvement was reiterated in the NTSB Safety Issues webpage. The fact sheet stated in part:
What can be done?
We know that SMS, FDM, and CFIT programs can improve safety and prevent crashes. We currently have 21 open safety recommendations addressing the safety gap in Part 135 operations. Operators must be proactive about safety; they should not wait for regulations or an accident to move them to action. Some operators have already incorporated SMS, FDM, and CFIT programs and are seeing tremendous safety returns. 
To increase use of SMS, FDM, and CFIT programs in Part 135 aircraft, the following actions should be taken:
Operators/Industry
· Implement an SMS and FDM, appropriately scaled to the size of your operation, to detect and correct unsafe deviations from company procedures before an accident occurs.
· An SMS is an effective way to establish and reinforce a positive safety culture and identify deviations from standard operating procedures so that they can be corrected.
· Collect data through an FDM over the entirety of the operation; this is the only means an operator has to consistently and proactively monitor its line operations. FDM should be a nonpunitive system.
· Use analysis tools provided by associations and the FAA’s InfoShare to identify safety trends. 
· Incorporate a CFIT-avoidance training program that addresses current TAWS technologies relevant to your operational environment. Airplane Information
According to FAA airworthiness records, the airplane was a Piper PA28-161, serial number 2842151, manufactured in 2002. The airplane was certificated in the normal and utility category. 
The Pilot’s Operating Handbook stated that all acrobatic maneuvers, including spins, were prohibited while operating in the normal category. Turns exceeding 60° were prohibited in the normal category. The flight load factor limitations in the normal category were 3.8 g and 4.4 g for the utility category. 
The airplane’s weight and balance were calculated based upon an operator-supplied basic empty weight and crew weights contained in FAA-maintained airman medical records. The fuel load and consumption were estimated based upon information submitted by the operator and ADS-B flight track data. The airplane was found to be in the normal category and within maximum weight and balance limitations at the time of the accident.
Maintenance Information
The airplane’s wing spars were subject to FAA Airworthiness Directive (AD) 2020-26-16, Wing Spar Integrity, which mandated bolt hole eddy current inspection at the 2 outboard holes for attaching the main spar lower cap on each wing.
According to the airplane’s maintenance records, the most recent 100-hour inspection was competed on June 29, 2023. The endorsement noted that FAA AD 2020-26-16 was complied with, and the factored hours were 1,199.1. The endorsement noted that no further action was required until 5,000 factored hours. The airplane had flown 87.4 hours since the last 100-hour inspection. Accounting for this additional flight time, at the time of the accident, the airplane had accumulated 1,286.5 factored hours.
The most recent annual inspection was completed on September 16, 2022. The endorsement noted that FAA AD 2020-26-16 was complied with.
On March 22, 2021, the FAA AD 2020-26-16 eddy current inspection was completed and both wings, and forward and aft spars, were marked as accep","Can't say and prose appears to be incomplete","0","","0"
"WPR24FA037","According to 14 CFR 91.167, IFR fuel requirements are to have enough fuel to fly to the first airport of intended landing and then enough fuel for 45 minutes of flight at normal cruising speed after reaching the alternate airport. The airplane’s Pilot’s Operating Handbook (POH) indicated that the fuel tanks had a total capacity of 90 gallons, with 89 gallons usable. A fixed-base operator added 49.8 gallons of fuel to the airplane at CCR on the afternoon of November 15, 2023. The refueler said he topped off the tanks. 
The POH specified a cruise time of 4.2 hours at 80% power and an altitude of 10,000 ft, with the usable fuel of 89 gallons and the recommended lean mixture setting. This time included a fuel allowance for engine start, taxi, climb, and 45 minutes reserve at 45% power. MYF had an operational control tower that was attended from 0700 to 1800 and was closed during the pilot’s instrument approach to MYF. The MYF airport had a NOTAM for runway 28R runway alignment indicator lights unserviceable (out of service), issued on August 18, 2023, and cancelled on December 5, 2023.
The pilot’s filed alternate airport of CRQ had an ILS runway 24 unserviceable (out of service) NOTAM issued on November 9, 2023, and cancelled on December 21, 2023. On November 15, 2023, about 2120 Pacific standard time, a Cessna P210N airplane, N1400, was substantially damaged when it was involved in an accident near San Diego, California. The pilot was fatally injured. The airplane was operated as a Title 14 Code of Federal Regulations Part 91 personal flight.
The airline transport pilot had filed an instrument flight rules (IFR) flight plan for the accident flight that departed from Buchanan Field Airport (CCR), Concord, California, at a cruise altitude of 9,000 ft mean sea level (msl), with a planned destination of French Valley Airport (F70), Murrieta, California. The filed alternate was Mc Clellan-Palomar Airport (CRQ), Carlsbad, California. 
ADS-B data revealed that the airplane departed CCR about 1734 and climbed to an initial cruise altitude of about 9,000 ft msl. About 2030, after several cruise altitude changes, the airplane arrived near F70. According to air traffic controllers, due to poor weather conditions at F70, the pilot planned to divert to CRQ. However, there was an ILS outage at CRQ, so the pilot chose to divert to Montgomery-Gibbs Executive Airport (MYF), San Diego, California, to fly the ILS approach there. ADS-B data showed that about 2048, the airplane descended to below 3,000 ft msl and then climbed to about 5,000 ft msl.
The Southern California Terminal Radar Approach Control (TRACON) cleared the pilot for the ILS Runway 28R approach to MYF and then transferred him to the MYF common traffic advisory frequency. When the TRACON controller noticed the airplane was drifting off the localizer course, the controller attempted to contact the pilot, but there was no response. 
As the airplane overflew MYF at 600 ft msl, the pilot contacted the TRACON to report he was on the missed approach. The controller issued a low-altitude alert and asked the pilot his intentions. The pilot requested another approach and advised the controller he was running low on fuel, with about 10 minutes remaining. The airplane then began a series of erratic turns with altitude changes between 1,000 and 3,000 ft msl, and the pilot said that he needed to make an emergency landing. The controller instructed the pilot to climb and turn away from higher terrain. When the pilot informed the controller that he was completely out of fuel, the controller attempted to vector the airplane toward a runway at another nearby airport, but the airplane maneuvered northwest of the airport and then communication and contact were lost (see figure).
<insert Figure 3 from Route of Flight PDF>
Figure. Last portion of flight route after missed approach at MYF. 
A witness reported that visibility in the area was almost zero and the ceiling was 200300 ft agl with light rain and little wind. The pilot of an airplane flying behind the accident airplane on the approach stated that that he followed the ILS approach down without any problems, turned on the runway lights while still in IMC, broke out of the weather about 1,100 ft msl, and landed without issue. 
The accident airplane was not immediately located and was the subject of an FAA Alert Notice. Subsequently, a search located the airplane early the following morning on the side of a hill in a residential area about 3 miles northwest of MYF. The San Diego County Medical Examiner Department, San Diego, California, performed an autopsy of the pilot. According to the autopsy report, the cause of death was multiple blunt force injuries, and the manner of death was accident.
Toxicology testing performed by the FAA Forensic Sciences Laboratory was negative for drugs of abuse and ethanol. The following medications were detected in blood and urine: rosuvastatin (Crestor), a prescription cholesterol medication that the FAA states is acceptable for pilots; metformin, an oral medication used alone or with other medications, including insulin, to treat type 2 diabetes mellitus, and which the FAA states may be acceptable for pilots under certain conditions and may require FAA review; and diltiazem (Cardizem), an alpha-blocker used to treat high blood pressure that the FAA states is acceptable for pilots. The National Weather Service Surface Analysis Chart depicted a cold front extending along the California coast with two high pressure centers over the southern California coast, with visibility restricted in light rain and mist, and overcast clouds. 
The closest weather reporting location to the accident site was Marine Corps Air Station Miramar (NZY), San Diego, California. At 2136, a special weather observation at NZY reported 3 miles visibility in light rain and mist, and the ceiling broken at 300 ft agl.
At 2053, the visibility at MYF, where the pilot performed an instrument approach, was 3 miles in light rain and mist, and the ceiling was broken at 500 ft agl.
A numerical sounding model indicated that at 2100 at the accident site, the freezing level was about 12,700 ft msl. The model predicted nimbostratus clouds with bases near 400 ft agl and tops near 10,000 ft msl . The sounding wind profile indicated a surface wind from 110° at 4 kts and a maximum low-level wind near 2,000 ft agl at 165° at 21 kts. Additionally, the model predicted several layers of light to moderate turbulence at altitudes the accident airplane flew during the final portion of the flight.
No SIGMETs or convective SIGMETs were active for the accident area. AIRMETs were active for IFR conditions, mountain obscuration, and occasional moderate turbulence below 16,000 ft msl. The Los Angeles Center Weather Service Unit did not issue any Center Weather Advisories applicable to the area and time of the accident. 
At the time of the accident, night conditions prevailed, and both the sun and moon were more than 15° below the horizon and provided no illumination over the area.
Neither the FAA’s Automated Flight Service Station operator nor the ForeFlight flight planning software provider had a record of the pilot obtaining a formal weather briefing. Although the pilot had a ForeFlight account, he did not create a ""flight"" in the application for the trip from CCR to F70, so no weather briefing was generated through ForeFlight. A review of the pilot’s logbooks revealed that the pilot’s most recent actual or simulated instrument flight experience occurred on April 20, 2022. In the six calendar months preceding the accident, the pilot logged one instrument approach, although this was not logged as actual or simulated instrument time. (Six instrument approaches, holding procedures and tasks, and intercepting and tracking courses through the use of navigational electronic systems are required within the six preceding calendar months to act as pilot-in-command under I","Instrument approach and pilot experience","0.5","","0"
